state_id,county_id,voting_district,GEOID20,n_vote_dem_2020,n_vote_rep_2020,x,y
NC,Alamance County,000001,37001000001,536.2,1998.7,1469680.129665522,1555925.9227900957
NC,Alamance County,000002,37001000002,617.5,2196.3,1467916.0712928683,1566598.7479960856
NC,Alamance County,000004,37001000004,701.5,2117.5,1464178.1328994336,1588241.231045944
NC,Alamance County,000005,37001000005,435.2,1503.6,1471731.0345572778,1588278.485756771
NC,Alamance County,000007,37001000007,592.2,1816.2,1476720.199556752,1566144.8547833946
NC,Alamance County,000011,37001000011,1243.6,1111.2,1479456.5399713349,1590371.5394413495
NC,Alamance County,000013,37001000013,1260.9,1070.7,1478206.885683268,1580483.5055844623
NC,Alamance County,000035,37001000035,1268.7,1588.3,1463819.234980261,1580617.3764870393
NC,Alamance County,00003C,3700100003C,785.6,1112.2,1465735.329263324,1576859.0079252173
NC,Alamance County,00003N,3700100003N,1233.5,1268.8,1464003.9756064555,1576619.828647764
NC,Alamance County,00003S,3700100003S,2322.8,2363.8,1464597.404539715,1572983.0424787102
NC,Alamance County,00003W,3700100003W,792.1,1225.9,1461824.0794496236,1577726.2473331755
NC,Alamance County,000063,37001000063,1094.4,526.8,1473983.7120416095,1579033.2355600656
NC,Alamance County,000064,37001000064,1345.7,1865.2,1473318.9474260805,1572096.674517798
NC,Alamance County,00006E,3700100006E,869.5,727.8,1475428.1367147788,1576027.9678000682
NC,Alamance County,00006N,3700100006N,937.4,468.1,1474116.4115988212,1576655.5009227435
NC,Alamance County,00006S,3700100006S,886.6,1174.6,1476440.1408018915,1573115.2777897143
NC,Alamance County,00006W,3700100006W,383.3,306.0,1472369.2908553674,1575529.8861123237
NC,Alamance County,00008N,3700100008N,874.3,1477.0,1481154.8428938838,1559537.8174909407
NC,Alamance County,00008S,3700100008S,269.5,571.5,1482969.7425253063,1554110.810921014
NC,Alamance County,00009N,3700100009N,711.8,901.1,1480446.5566848095,1571344.2600433128
NC,Alamance County,00009S,3700100009S,1349.5,1907.8,1484907.0703472078,1567132.0929628687
NC,Alamance County,000103,37001000103,816.4,1394.2,1481929.0235839451,1574988.7400071444
NC,Alamance County,00010N,3700100010N,1135.7,1551.7,1483153.862197165,1582225.993477432
NC,Alamance County,00010S,3700100010S,3154.7,2481.9,1483524.794333114,1578371.6207421161
NC,Alamance County,000124,37001000124,638.9,683.9,1467678.6146636044,1578240.9309197522
NC,Alamance County,000125,37001000125,635.5,859.1,1467950.6504390915,1575162.5737556873
NC,Alamance County,000126,37001000126,631.4,823.0,1467783.4291270482,1576675.5853149795
NC,Alamance County,000127,37001000127,1985.8,710.3,1469203.0388410918,1580637.5724962987
NC,Alamance County,000128,37001000128,852.2,332.1,1470196.6136629682,1576402.5808751427
NC,Alamance County,000129,37001000129,414.6,684.1,1469219.4460273746,1572443.3784919158
NC,Alamance County,00012E,3700100012E,618.4,317.2,1472053.7010160198,1577752.6579049197
NC,Alamance County,00012N,3700100012N,1803.6,314.3,1471705.4970074228,1579609.0220161965
NC,Alamance County,00012S,3700100012S,514.8,207.9,1471596.413794449,1576190.8322783262
NC,Alamance County,00012W,3700100012W,827.2,631.6,1469385.910871216,1577612.7954528835
NC,Alamance County,0003N2,370010003N2,345.2,233.7,1462919.5224714212,1575412.213752023
NC,Alamance County,001210,37001001210,689.6,564.7,1469810.0151287154,1574812.9744546723
NC,Alexander County,00000E,3700300000E,450.1,1337.8,1310999.2476318544,1531870.285304075
NC,Alexander County,00000M,3700300000M,326.2,936.2,1328126.6433046644,1524654.9669206415
NC,Alexander County,00000W,3700300000W,268.4,1021.7,1317434.63994292,1523797.0888245034
NC,Alexander County,0000B1,370030000B1,545.0,1722.7,1308819.1417756493,1522380.4004188615
NC,Alexander County,0000B2,370030000B2,629.2,1963.3,1312117.5530505423,1522577.3384735328
NC,Alexander County,00G1G2,3700300G1G2,283.0,923.7,1329994.2562955562,1541261.8566043037
NC,Alexander County,00LRSL,3700300LRSL,300.6,1203.4,1316449.6247309837,1540442.2406341042
NC,Alexander County,00S1S2,3700300S1S2,464.4,1520.8,1328140.6267594395,1534034.008150167
NC,Alexander County,00T2T3,3700300T2T3,635.8,1380.7,1322411.9854632174,1533998.9155088135
NC,Alexander County,T1T4T5,37003T1T4T5,752.1,2091.4,1320665.4439256212,1528703.8054142545
NC,Alleghany County,000001,37005000001,270.3,686.3,1325276.1602624445,1592177.5120438917
NC,Alleghany County,000004,37005000004,235.2,738.7,1327029.2799355267,1602652.2411430061
NC,Alleghany County,00003A,3700500003A,828.4,1648.3,1314735.5546188082,1598202.163268712
NC,Alleghany County,00006A,3700500006A,316.2,752.7,1303712.630259709,1595270.9434898135
NC,Anson County,0000MM,370070000MM,675.6,182.5,1446693.3790732278,1432474.721279817
NC,Anson County,0000WS,370070000WS,96.6,123.0,1421658.8159179618,1430584.9129308846
NC,Anson County,000ANS,37007000ANS,364.4,375.1,1429787.1721805139,1457884.9501822365
NC,Anson County,00BURN,3700700BURN,267.7,699.4,1417882.845850768,1457604.0880121945
NC,Anson County,00GULL,3700700GULL,429.6,294.8,1434720.267802455,1430922.8656275813
NC,Anson County,00LILE,3700700LILE,985.8,578.6,1446818.1597326274,1447432.5062965325
NC,Anson County,00PEAC,3700700PEAC,210.7,646.3,1418205.4811871306,1443673.058076689
NC,Anson County,00POLK,3700700POLK,281.6,337.6,1423795.4597569383,1444413.8934776613
NC,Anson County,0WADES,370070WADES,2715.8,1353.0,1433070.9667201522,1444070.5595139454
NC,Ashe County,000002,37009000002,233.6,658.5,1276463.2942799907,1588452.3531715022
NC,Ashe County,000003,37009000003,74.8,271.6,1273941.374462708,1579543.9354434956
NC,Ashe County,000004,37009000004,134.4,201.3,1277927.7792397288,1571378.0526379799
NC,Ashe County,000006,37009000006,97.9,260.6,1283144.241429495,1598804.0882484415
NC,Ashe County,000007,37009000007,80.1,170.1,1273322.9656128064,1594672.8262786542
NC,Ashe County,000008,37009000008,50.2,86.1,1272639.374191159,1599355.5768409285
NC,Ashe County,000009,37009000009,790.8,1586.2,1290051.7552499084,1584485.729202967
NC,Ashe County,000010,37009000010,41.8,121.7,1268320.7930959035,1588310.0764857924
NC,Ashe County,000011,37009000011,426.3,924.0,1291160.5769616717,1594541.434042153
NC,Ashe County,000012,37009000012,138.5,323.5,1267107.4439290531,1580737.0112087438
NC,Ashe County,000013,37009000013,225.8,561.9,1294018.297450237,1575478.803950714
NC,Ashe County,000014,37009000014,563.1,1108.3,1281709.3327446885,1575531.6901607185
NC,Ashe County,000015,37009000015,149.3,466.5,1299944.1401872742,1585239.9512980892
NC,Ashe County,000016,37009000016,469.9,1084.7,1287255.5136524604,1570526.7146752758
NC,Ashe County,000017,37009000017,128.8,433.0,1280557.5549468128,1594281.1246932403
NC,Ashe County,000018,37009000018,29.0,79.4,1266425.421211403,1594459.0935690114
NC,Ashe County,000020,37009000020,703.4,1416.8,1283019.5563153438,1582043.848823636
NC,Avery County,000001,37011000001,163.3,510.5,1251474.400307111,1531526.6626931585
NC,Avery County,000002,37011000002,556.8,985.5,1254382.6996317836,1550140.2789408208
NC,Avery County,000003,37011000003,54.1,280.0,1248546.9327571576,1557705.66825615
NC,Avery County,000004,37011000004,21.2,43.1,1262466.1242653735,1536991.5430906557
NC,Avery County,000005,37011000005,39.1,186.9,1247517.4420783815,1546182.2120020739
NC,Avery County,000006,37011000006,87.1,419.2,1245249.1871535978,1550043.920547197
NC,Avery County,000007,37011000007,15.1,158.8,1244410.623763314,1538817.3776279215
NC,Avery County,000008,37011000008,40.1,190.0,1248955.5774701866,1549997.1898479355
NC,Avery County,000009,37011000009,37.7,227.1,1248098.3986868511,1537586.782624539
NC,Avery County,000010,37011000010,118.8,431.6,1246706.326438367,1526295.955248656
NC,Avery County,000011,37011000011,126.1,258.9,1257868.9555242287,1542478.035352191
NC,Avery County,000012,37011000012,25.6,183.8,1244142.6837106936,1542687.3614537725
NC,Avery County,000013,37011000013,105.2,265.3,1253761.2864949787,1542014.6224047358
NC,Avery County,000014,37011000014,137.4,506.7,1249953.7408515075,1543573.6589854513
NC,Avery County,000015,37011000015,110.5,386.8,1249687.1117605523,1539833.537688588
NC,Avery County,000016,37011000016,319.0,692.1,1255521.4284665752,1534822.6358781978
NC,Avery County,000017,37011000017,52.1,324.8,1244135.7592954088,1533123.074886092
NC,Avery County,000018,37011000018,38.9,197.1,1248613.7579059675,1533377.0082984432
NC,Avery County,000019,37011000019,20.7,188.5,1240823.9210871137,1539297.5521184937
NC,Beaufort County,0000HB,370130000HB,94.1,518.4,1715453.9374076154,1562559.0042417909
NC,Beaufort County,00BLCK,3701300BLCK,293.5,382.9,1703332.190430169,1540093.0232078577
NC,Beaufort County,00NCRK,3701300NCRK,270.6,735.9,1729855.4788001392,1552376.917358617
NC,Beaufort County,00OLDF,3701300OLDF,489.8,585.4,1691310.8481605484,1566901.0783076482
NC,Beaufort County,00RVRD,3701300RVRD,582.6,950.7,1698674.599523441,1553391.2270402845
NC,Beaufort County,00TCRK,3701300TCRK,523.6,1225.4,1682408.741375714,1568455.0608661345
NC,Beaufort County,00WDPD,3701300WDPD,278.0,857.0,1704094.996471354,1554864.6211519535
NC,Beaufort County,0AUROR,370130AUROR,461.0,355.9,1724837.2534663316,1536957.2732268642
NC,Beaufort County,0BEADM,370130BEADM,224.1,1052.3,1698786.6295459059,1560320.2435985308
NC,Beaufort County,0BELHV,370130BELHV,533.8,590.3,1733148.557999195,1567438.2622471729
NC,Beaufort County,0CHOCO,370130CHOCO,958.6,1728.6,1689189.4079648568,1546338.9549213795
NC,Beaufort County,0EDWAR,370130EDWAR,290.9,384.6,1711870.4934636762,1537812.594951048
NC,Beaufort County,0GILEA,370130GILEA,568.8,1033.4,1696703.1176889385,1548373.9956329353
NC,Beaufort County,0PANTE,370130PANTE,287.7,522.2,1720785.4675722239,1573166.6556384137
NC,Beaufort County,0PINET,370130PINET,108.7,605.2,1705105.5903593851,1570666.6779019495
NC,Beaufort County,0PSJW3,370130PSJW3,736.6,242.7,1691056.7107037716,1559784.8652274315
NC,Beaufort County,0SURBA,370130SURBA,360.2,1093.7,1714946.4331496987,1552985.8886315527
NC,Beaufort County,0WASH1,370130WASH1,671.0,378.8,1692756.2357583165,1556758.9751524315
NC,Beaufort County,0WASH2,370130WASH2,678.5,309.8,1689505.139149231,1558451.9308747482
NC,Beaufort County,0WASH4,370130WASH4,734.1,810.4,1693406.5525187796,1559073.652998773
NC,Beaufort County,0WASHP,370130WASHP,387.3,549.6,1695258.9132164635,1556044.150889879
NC,Bertie County,0000C1,370150000C1,271.1,343.2,1699875.671675579,1632720.533972454
NC,Bertie County,0000C2,370150000C2,722.3,294.4,1690636.7804130411,1630560.6548370689
NC,Bertie County,0000IW,370150000IW,230.2,33.1,1681533.34133717,1604154.5727925347
NC,Bertie County,0000M1,370150000M1,265.6,273.6,1682670.5993819134,1627343.630490871
NC,Bertie County,0000M2,370150000M2,327.2,185.5,1674437.8795245287,1628802.4206605735
NC,Bertie County,0000MH,370150000MH,332.1,238.3,1708331.8210674587,1608025.024800277
NC,Bertie County,0000RX,370150000RX,577.1,175.1,1664410.5590661666,1624809.6078254073
NC,Bertie County,0000SN,370150000SN,463.2,106.1,1679023.5476487065,1616947.27473572
NC,Bertie County,0000W1,370150000W1,1784.5,862.9,1694135.9999742548,1603881.8000868931
NC,Bertie County,0000W2,370150000W2,48.9,471.2,1690582.8523726373,1618772.703610055
NC,Bertie County,0000WD,370150000WD,524.6,77.0,1668641.7560006813,1609589.0950372834
NC,Bertie County,0000WH,370150000WH,340.1,425.5,1703198.7440565524,1620574.8688786116
NC,Bladen County,000P10,37017000P10,187.4,304.1,1565559.9775773424,1414881.4003235113
NC,Bladen County,000P15,37017000P15,609.3,1374.0,1559990.5268578955,1430268.8725576487
NC,Bladen County,000P25,37017000P25,419.9,347.4,1573603.661750606,1416051.1278013962
NC,Bladen County,000P30,37017000P30,742.7,178.3,1595138.3282535744,1410935.7618843603
NC,Bladen County,000P35,37017000P35,264.8,180.9,1570746.4071739188,1435360.6883699542
NC,Bladen County,000P40,37017000P40,378.1,741.8,1582510.871166672,1434909.7621455214
NC,Bladen County,000P45,37017000P45,114.9,215.4,1582864.4175924126,1447200.2181858579
NC,Bladen County,000P55,37017000P55,234.3,217.3,1602395.6529267044,1418094.0852016537
NC,Bladen County,000P60,37017000P60,580.1,476.0,1551003.1339767436,1440997.7487428025
NC,Bladen County,000P65,37017000P65,154.2,292.5,1596687.6450203948,1431632.124590875
NC,Bladen County,000P70,37017000P70,177.8,158.5,1571465.6172028822,1448337.1601595497
NC,Bladen County,000P75,37017000P75,588.7,239.9,1582804.813634256,1416079.9823769708
NC,Bladen County,000P80,37017000P80,308.0,410.7,1559545.8272580376,1445388.1766975585
NC,Bladen County,00P201,3701700P201,275.6,777.5,1557069.17569618,1412860.716584951
NC,Bladen County,00P202,3701700P202,533.6,1179.2,1558975.5305255894,1421182.726021088
NC,Bladen County,00P501,3701700P501,1222.4,824.3,1568455.9638574703,1426197.1279102429
NC,Bladen County,00P502,3701700P502,756.8,517.8,1576692.4583254165,1425468.6669122165
NC,Brunswick County,000001,37019000001,537.7,673.9,1620703.215917693,1401235.0106948798
NC,Brunswick County,000002,37019000002,2189.0,2523.5,1629318.6974023157,1401778.5512502426
NC,Brunswick County,000003,37019000003,650.5,470.7,1635895.3808944675,1398022.31859432
NC,Brunswick County,000005,37019000005,948.8,1815.4,1623860.6284653929,1387921.9739359035
NC,Brunswick County,000006,37019000006,383.2,688.8,1626553.7056097079,1376121.7334027812
NC,Brunswick County,000007,37019000007,1070.4,1435.3,1642398.5570488472,1367262.0211127633
NC,Brunswick County,000008,37019000008,1565.4,2289.3,1636439.1155389263,1362723.6192893186
NC,Brunswick County,000009,37019000009,350.0,534.6,1638659.9411154813,1359804.549169444
NC,Brunswick County,000011,37019000011,784.8,854.7,1613828.230318587,1374686.5319689303
NC,Brunswick County,000012,37019000012,692.9,1552.8,1618211.7574639237,1359852.5685372509
NC,Brunswick County,000013,37019000013,827.7,1505.3,1607365.415575908,1365624.9794273637
NC,Brunswick County,000014,37019000014,1023.6,2320.0,1606657.1387351188,1356840.9742493012
NC,Brunswick County,000015,37019000015,1609.1,3236.4,1603363.0223847108,1352011.605607128
NC,Brunswick County,000016,37019000016,1386.3,2489.0,1596490.0329993502,1348957.0918131648
NC,Brunswick County,000017,37019000017,1747.3,2830.6,1592831.8197524338,1358116.23622781
NC,Brunswick County,000018,37019000018,350.6,957.8,1597260.5171924587,1373411.542552995
NC,Brunswick County,000019,37019000019,1232.5,2423.5,1591263.376688901,1350866.9196483707
NC,Brunswick County,000020,37019000020,749.4,1816.8,1614976.635882893,1353951.4852356233
NC,Brunswick County,000021,37019000021,1015.5,2332.2,1633536.9719188912,1374627.4970936168
NC,Brunswick County,000022,37019000022,756.4,1370.0,1639872.1081280936,1353446.0169654523
NC,Brunswick County,000023,37019000023,806.3,1430.5,1625700.4530324177,1358786.5047790117
NC,Brunswick County,00004A,3701900004A,3332.2,3966.4,1638342.8465139768,1387020.6261805124
NC,Brunswick County,00010A,3701900010A,1055.5,1965.1,1623539.556216536,1365047.772629228
NC,Brunswick County,00010B,3701900010B,1853.1,2862.1,1630857.260906702,1364850.314384718
NC,Brunswick County,0004B2,370190004B2,2276.6,2806.4,1632319.8065937394,1394792.250874794
NC,Buncombe County,0001.1,370210001.1,1356.7,206.2,1204312.8275638355,1478459.7877863143
NC,Buncombe County,0002.1,370210002.1,2269.9,154.2,1202277.264688098,1479364.6799530103
NC,Buncombe County,0003.1,370210003.1,1656.5,136.6,1203338.1637884176,1480070.5840372033
NC,Buncombe County,0004.1,370210004.1,1022.7,169.2,1203554.3349649187,1482067.440421684
NC,Buncombe County,0005.1,370210005.1,1655.7,507.7,1202339.542626551,1483236.9566039725
NC,Buncombe County,0006.1,370210006.1,901.5,266.7,1208103.441468385,1477878.0347527605
NC,Buncombe County,0007.1,370210007.1,1262.4,195.8,1205670.439171529,1477105.171519103
NC,Buncombe County,0008.2,370210008.2,1457.8,434.7,1207422.0211088262,1472623.916152885
NC,Buncombe County,0008.3,370210008.3,1458.4,443.7,1207573.8102992256,1474482.2971282813
NC,Buncombe County,0009.1,370210009.1,2048.5,641.8,1207753.020985097,1476298.4009163484
NC,Buncombe County,0010.1,370210010.1,805.9,59.3,1203721.5636966657,1476360.8103440786
NC,Buncombe County,0011.1,370210011.1,903.2,100.7,1203134.8218883001,1477948.3698745428
NC,Buncombe County,0012.1,370210012.1,1575.1,203.4,1202295.9953142866,1476469.2002295079
NC,Buncombe County,0013.1,370210013.1,1431.1,196.7,1201165.3885853717,1475464.4649320224
NC,Buncombe County,0014.2,370210014.2,1395.0,293.6,1201073.9254063482,1478243.1376308866
NC,Buncombe County,0014.3,370210014.3,747.6,216.8,1198553.8527416298,1478251.9527606498
NC,Buncombe County,0015.1,370210015.1,1492.5,266.9,1199933.6119947215,1475619.593764823
NC,Buncombe County,0016.2,370210016.2,1764.7,409.4,1198942.2958888079,1476952.0724830006
NC,Buncombe County,0017.1,370210017.1,1094.1,227.9,1204674.6851352656,1480744.9069331523
NC,Buncombe County,0018.2,370210018.2,2377.6,1463.4,1206781.9961448545,1467479.2914147747
NC,Buncombe County,0019.1,370210019.1,640.7,309.5,1207872.6151478135,1468835.7515336527
NC,Buncombe County,0020.1,370210020.1,702.0,129.4,1205417.466699277,1478894.7667862384
NC,Buncombe County,0021.1,370210021.1,1430.8,517.6,1207253.8794733565,1479470.2967128062
NC,Buncombe County,0022.2,370210022.2,1524.7,411.5,1204584.2412369275,1483986.945342891
NC,Buncombe County,0023.2,370210023.2,296.1,119.2,1206487.5079849134,1481126.5567546855
NC,Buncombe County,0023.3,370210023.3,608.5,245.3,1208537.9848087472,1481370.4781473181
NC,Buncombe County,0024.1,370210024.1,1096.9,678.7,1197518.4832152333,1473313.3528277604
NC,Buncombe County,0025.1,370210025.1,1271.5,521.4,1209805.9866161803,1478579.8755556585
NC,Buncombe County,0026.1,370210026.1,1098.6,323.7,1198537.0805377427,1475493.5209038297
NC,Buncombe County,0027.2,370210027.2,441.3,138.7,1206533.2513447932,1484812.9572249553
NC,Buncombe County,0028.1,370210028.1,1613.0,206.2,1203321.7523133375,1481173.4897001346
NC,Buncombe County,0029.2,370210029.2,1529.2,776.7,1208700.2299893096,1468105.8906051966
NC,Buncombe County,0030.2,370210030.2,1032.9,968.7,1201342.3169928452,1463714.5936164975
NC,Buncombe County,0030.3,370210030.3,1112.1,1176.9,1204223.1127336635,1462838.738071418
NC,Buncombe County,0031.1,370210031.1,747.1,525.6,1205738.0613977686,1472183.0158846797
NC,Buncombe County,0032.1,370210032.1,776.4,780.7,1220578.5308141855,1487160.3280120087
NC,Buncombe County,0033.2,370210033.2,594.5,432.1,1224200.8337268292,1483098.7217532322
NC,Buncombe County,0033.3,370210033.3,831.3,674.0,1224288.0727810399,1485429.550553542
NC,Buncombe County,0034.1,370210034.1,586.0,349.9,1223414.582059832,1484423.7747974433
NC,Buncombe County,0035.1,370210035.1,885.2,450.3,1221817.4979387838,1483570.322013563
NC,Buncombe County,0036.1,370210036.1,802.2,692.9,1224443.4446045368,1490208.7445911323
NC,Buncombe County,0037.1,370210037.1,511.0,605.0,1229641.6013329562,1474891.8870958057
NC,Buncombe County,0038.2,370210038.2,567.9,872.7,1218644.5291931485,1468455.9101686487
NC,Buncombe County,0038.3,370210038.3,1071.5,1484.2,1214816.0300252663,1470558.8039995264
NC,Buncombe County,0039.2,370210039.2,622.8,532.3,1222295.5595218076,1472758.1270414193
NC,Buncombe County,0039.3,370210039.3,1023.0,1033.5,1218661.7079270198,1475961.3936068115
NC,Buncombe County,0040.2,370210040.2,1098.1,1724.7,1199639.1437700936,1496178.227564566
NC,Buncombe County,0041.1,370210041.1,938.0,1477.6,1194807.846309772,1490974.5530812421
NC,Buncombe County,0042.1,370210042.1,722.1,592.5,1199541.9354287277,1479720.5331380544
NC,Buncombe County,0043.2,370210043.2,705.1,490.1,1196444.6162857062,1477551.6678602106
NC,Buncombe County,0044.1,370210044.1,2130.1,1836.6,1197977.7154850923,1470467.0114139123
NC,Buncombe County,0045.1,370210045.1,1417.5,1451.4,1194743.120330144,1474914.2537809522
NC,Buncombe County,0046.1,370210046.1,579.6,501.7,1199240.073252769,1466507.5675478817
NC,Buncombe County,0047.1,370210047.1,1136.8,1928.4,1189650.756258431,1463817.8372817566
NC,Buncombe County,0048.1,370210048.1,1175.6,1609.7,1191818.040270452,1473153.2298410637
NC,Buncombe County,0049.1,370210049.1,1106.3,1950.0,1187929.4489671825,1471577.5211569073
NC,Buncombe County,0050.1,370210050.1,449.6,691.9,1214363.4657604767,1499299.6976967547
NC,Buncombe County,0051.2,370210051.2,656.7,814.4,1205064.3009021136,1497762.437544425
NC,Buncombe County,0052.1,370210052.1,1034.1,1835.8,1189765.0125394983,1487132.9296362624
NC,Buncombe County,0053.1,370210053.1,839.8,1509.0,1185503.6992256471,1480753.8044010655
NC,Buncombe County,0054.2,370210054.2,1595.3,1200.1,1205544.551266982,1467641.473037875
NC,Buncombe County,0055.1,370210055.1,1254.6,1163.9,1211158.819664569,1464718.1167777835
NC,Buncombe County,0056.2,370210056.2,1015.9,649.7,1209537.1471920519,1466850.7157598126
NC,Buncombe County,0057.1,370210057.1,1196.5,1202.2,1211570.5683203037,1468710.8164054565
NC,Buncombe County,0058.1,370210058.1,911.1,805.4,1201312.0626407294,1491834.845565117
NC,Buncombe County,0059.1,370210059.1,1699.2,1447.3,1208372.856394198,1490604.1081804482
NC,Buncombe County,0060.2,370210060.2,596.4,317.9,1211475.021153541,1476200.5347219708
NC,Buncombe County,0060.4,370210060.4,711.0,493.4,1210717.9564142325,1473613.236071998
NC,Buncombe County,0061.1,370210061.1,1099.5,853.0,1211090.7877818963,1485430.4245370917
NC,Buncombe County,0062.1,370210062.1,1158.7,758.5,1211136.0482045796,1480793.9897475715
NC,Buncombe County,0063.1,370210063.1,197.5,239.8,1178389.298193186,1482870.498389523
NC,Buncombe County,0064.1,370210064.1,741.0,772.2,1215786.1652800739,1478808.333044007
NC,Buncombe County,0065.1,370210065.1,1376.7,967.2,1216095.400256148,1486307.3244426008
NC,Buncombe County,0066.1,370210066.1,696.6,502.7,1214167.091315857,1481074.3486841884
NC,Buncombe County,0067.1,370210067.1,1216.6,690.7,1202018.9132223374,1490135.3032490276
NC,Buncombe County,0068.1,370210068.1,1511.3,1904.3,1192070.1557110662,1478964.7435582876
NC,Buncombe County,0069.1,370210069.1,1118.6,1262.0,1196549.027471839,1483181.7607253261
NC,Buncombe County,0070.1,370210070.1,1681.4,792.1,1200225.7950276022,1482992.0982240187
NC,Buncombe County,0071.1,370210071.1,1728.1,1247.2,1200011.8302453198,1486608.762828604
NC,Burke County,000001,37023000001,724.3,1490.9,1285802.0043071501,1510126.5634830573
NC,Burke County,000003,37023000003,207.7,614.7,1285452.779490439,1506351.9342409808
NC,Burke County,000011,37023000011,373.2,1583.5,1298450.0362817487,1511466.6337320346
NC,Burke County,000012,37023000012,184.7,1200.4,1295166.8017517745,1501424.4197250372
NC,Burke County,000013,37023000013,379.1,1631.2,1300773.0268477178,1505439.5644731603
NC,Burke County,000014,37023000014,237.7,1152.7,1296316.5515747964,1506231.5268901833
NC,Burke County,000015,37023000015,229.3,762.3,1303530.9713981212,1510117.0507758008
NC,Burke County,000018,37023000018,131.8,237.3,1257068.7269106745,1527018.8565944205
NC,Burke County,000019,37023000019,158.4,279.1,1258304.6886052126,1507506.0871228043
NC,Burke County,000020,37023000020,304.6,407.6,1263007.5676972305,1508748.864347365
NC,Burke County,000021,37023000021,324.8,662.1,1287974.2115614107,1506996.3770605107
NC,Burke County,000022,37023000022,353.3,973.1,1292988.6349375688,1509647.712949622
NC,Burke County,000024,37023000024,579.5,1217.9,1290436.2903213748,1507042.9213211546
NC,Burke County,000031,37023000031,873.2,467.8,1277874.2141168942,1506576.9922236735
NC,Burke County,000034,37023000034,809.3,727.4,1276883.1489345364,1504949.534240196
NC,Burke County,000035,37023000035,567.8,434.5,1278589.4987617924,1508930.1858525195
NC,Burke County,000036,37023000036,413.7,937.8,1283165.7683954248,1502365.9658163674
NC,Burke County,000038,37023000038,607.2,890.9,1281752.6461580168,1508685.4731256636
NC,Burke County,000039,37023000039,589.8,554.6,1280432.7041079202,1505084.8092692636
NC,Burke County,000040,37023000040,431.8,776.2,1273972.2859355567,1501885.7863975866
NC,Burke County,000048,37023000048,630.9,894.6,1275306.9984294756,1511270.2959854454
NC,Burke County,000051,37023000051,812.8,1521.6,1269394.0925528712,1502071.2827824818
NC,Burke County,000052,37023000052,308.6,590.6,1266440.4702048951,1495542.995628326
NC,Burke County,000053,37023000053,363.0,1085.4,1271050.710801783,1493784.0719149455
NC,Burke County,000062,37023000062,176.3,419.7,1264259.0571302965,1518954.0440184174
NC,Burke County,000064,37023000064,154.2,403.9,1281656.5466060617,1494617.6253325292
NC,Burke County,000065,37023000065,182.9,572.2,1277310.031294808,1496387.6479222574
NC,Burke County,000066,37023000066,412.0,886.6,1279511.8573735813,1515548.363006747
NC,Burke County,000070,37023000070,494.7,1106.0,1276924.118158849,1501209.3890099702
NC,Burke County,0029-A,370230029-A,138.9,620.5,1291132.717635253,1498576.144131126
NC,Burke County,0029-B,370230029-B,196.7,567.1,1289095.2002553914,1491828.3912134925
NC,Burke County,0047-A,370230047-A,723.5,742.5,1270386.4028793166,1507763.3948027552
NC,Burke County,0047-B,370230047-B,370.3,558.2,1271866.1058301209,1512890.6252407213
NC,Cabarrus County,001-02,37025001-02,727.6,1406.4,1383767.5202186664,1469576.6428993817
NC,Cabarrus County,001-04,37025001-04,2058.4,1894.8,1379021.903731658,1469703.4240231665
NC,Cabarrus County,001-07,37025001-07,771.9,1351.3,1380289.3899981126,1473547.359938769
NC,Cabarrus County,001-08,37025001-08,1728.7,1582.0,1383085.4202634739,1475994.0770455252
NC,Cabarrus County,001-10,37025001-10,959.4,1199.0,1378901.3314826908,1476722.2723792554
NC,Cabarrus County,001-11,37025001-11,1622.0,1907.0,1376085.8495607367,1473133.171919043
NC,Cabarrus County,002-01,37025002-01,901.7,1228.0,1377102.3223083096,1484821.4969634186
NC,Cabarrus County,002-02,37025002-02,1524.9,1675.6,1373701.8153386873,1480268.411614531
NC,Cabarrus County,002-03,37025002-03,1977.3,2609.7,1375623.1635713165,1477884.2327911337
NC,Cabarrus County,002-05,37025002-05,1444.3,1836.0,1376610.1713154248,1482842.8132882498
NC,Cabarrus County,002-06,37025002-06,1393.9,1115.1,1377108.118415542,1486865.683359289
NC,Cabarrus County,002-07,37025002-07,1125.1,1518.0,1373584.767364913,1482668.1086394954
NC,Cabarrus County,002-08,37025002-08,2612.7,2499.1,1369653.7272220356,1484641.6760093132
NC,Cabarrus County,002-09,37025002-09,2938.1,2130.8,1369155.024529273,1481029.0268688048
NC,Cabarrus County,003-00,37025003-00,1552.6,2552.7,1367280.6262954378,1489995.0880799731
NC,Cabarrus County,004-01,37025004-01,1032.5,924.4,1379102.8256467714,1490679.8897253533
NC,Cabarrus County,004-03,37025004-03,972.7,1030.8,1379730.3774585098,1494399.9037745772
NC,Cabarrus County,004-08,37025004-08,479.7,685.0,1374551.3257745947,1487453.7678604103
NC,Cabarrus County,004-09,37025004-09,931.3,1598.0,1372598.541159795,1491003.23901328
NC,Cabarrus County,004-11,37025004-11,1049.2,1043.7,1376127.0737347123,1494055.1420061078
NC,Cabarrus County,004-12,37025004-12,1742.0,1360.3,1377677.8762633936,1492667.8000461087
NC,Cabarrus County,004-13,37025004-13,1518.5,2369.8,1376110.9577396072,1490498.5473218912
NC,Cabarrus County,005-00,37025005-00,515.8,1604.6,1384923.247011266,1491463.4620700297
NC,Cabarrus County,006-00,37025006-00,267.4,1345.7,1392200.6541907515,1493321.9737231054
NC,Cabarrus County,007-00,37025007-00,152.8,720.0,1400468.3300917165,1494357.6151945111
NC,Cabarrus County,008-00,37025008-00,680.3,2286.0,1395458.647778728,1486360.8094399886
NC,Cabarrus County,009-00,37025009-00,377.4,1605.4,1394465.0655131035,1478687.5729878675
NC,Cabarrus County,010-00,37025010-00,1096.2,2980.7,1390398.3672330684,1469510.578834464
NC,Cabarrus County,011-01,37025011-01,1935.4,1717.3,1386060.0578592059,1478840.003597801
NC,Cabarrus County,011-02,37025011-02,769.6,1641.4,1387932.1323853838,1482544.5672324558
NC,Cabarrus County,012-03,37025012-03,693.7,847.9,1381025.337916616,1489523.9902946386
NC,Cabarrus County,012-04,37025012-04,932.0,867.8,1381978.2991739505,1486427.793292047
NC,Cabarrus County,012-05,37025012-05,674.1,953.8,1384117.8324478238,1485144.396359416
NC,Cabarrus County,012-06,37025012-06,619.8,583.6,1383170.820874061,1483053.2529319534
NC,Cabarrus County,012-08,37025012-08,479.0,503.3,1380756.9898418828,1483255.5449679308
NC,Cabarrus County,012-09,37025012-09,727.4,1113.2,1379538.796618051,1480685.5981795876
NC,Cabarrus County,012-10,37025012-10,386.4,494.5,1384878.7799471372,1483218.6399931086
NC,Cabarrus County,012-11,37025012-11,594.1,588.6,1379780.919904495,1487406.8612691595
NC,Cabarrus County,012-12,37025012-12,620.2,830.1,1382499.6995528582,1479989.0939715586
NC,Cabarrus County,012-13,37025012-13,1883.0,611.3,1380972.971887642,1484830.6433603219
NC,Caldwell County,00PR01,3702700PR01,712.0,1641.6,1283865.9430127437,1521605.7369655797
NC,Caldwell County,00PR02,3702700PR02,294.2,816.5,1280546.7805059156,1521018.0933744758
NC,Caldwell County,00PR07,3702700PR07,328.7,1103.2,1273475.0939079688,1534454.444946629
NC,Caldwell County,00PR08,3702700PR08,215.9,618.5,1298313.899296428,1539579.813614382
NC,Caldwell County,00PR13,3702700PR13,392.4,1811.4,1301632.562593978,1529118.2256055924
NC,Caldwell County,00PR14,3702700PR14,605.4,1581.2,1300690.5494687883,1514645.6290700745
NC,Caldwell County,00PR16,3702700PR16,568.6,496.7,1289509.353083514,1528514.220417901
NC,Caldwell County,00PR17,3702700PR17,436.4,837.0,1291150.1954669429,1524962.166717739
NC,Caldwell County,00PR18,3702700PR18,975.9,2022.8,1293454.574058256,1530420.8700276748
NC,Caldwell County,00PR21,3702700PR21,440.7,1748.5,1289988.4029552492,1515113.5247553827
NC,Caldwell County,00PR22,3702700PR22,446.9,1740.2,1288617.7605916557,1519520.2878512563
NC,Caldwell County,00PR24,3702700PR24,262.4,1037.7,1296671.8878543118,1516937.9840916805
NC,Caldwell County,00PR25,3702700PR25,274.7,988.7,1294273.8000656487,1516332.547736824
NC,Caldwell County,00PR29,3702700PR29,690.5,1124.9,1288532.0971449798,1524144.293657118
NC,Caldwell County,00PR30,3702700PR30,821.6,876.9,1284525.7755224106,1527503.4303752377
NC,Caldwell County,00PR31,3702700PR31,335.6,672.4,1288865.8219981564,1532643.5627034937
NC,Caldwell County,00PR32,3702700PR32,448.5,1461.2,1285626.7857210552,1542456.4865290704
NC,Caldwell County,00PR33,3702700PR33,971.3,3174.7,1294514.176454896,1521310.082200541
NC,Caldwell County,00PR34,3702700PR34,883.3,2505.2,1305038.5912869836,1517000.0053755154
NC,Caldwell County,00PR35,3702700PR35,318.1,1524.0,1301486.458658475,1520552.2616715874
NC,Camden County,0000CH,370290000CH,611.4,1401.7,1751125.0713504818,1661696.2823555358
NC,Camden County,0000SH,370290000SH,330.3,953.6,1768380.4996279175,1649492.2749751247
NC,Camden County,0000SM,370290000SM,510.7,1422.2,1732819.9498127939,1672401.8614095012
NC,Carteret County,00ABCH,3703100ABCH,289.7,830.1,1739362.766750324,1468116.3481228198
NC,Carteret County,00ATSL,3703100ATSL,90.3,243.0,1769322.4598033677,1496394.9130354754
NC,Carteret County,00BCRK,3703100BCRK,326.2,1097.3,1722093.8368158143,1471036.2659722725
NC,Carteret County,00BFT1,3703100BFT1,658.5,478.1,1745312.8049330201,1472519.7977867282
NC,Carteret County,00BFT2,3703100BFT2,1048.8,1543.9,1746975.4074433655,1475959.9692784073
NC,Carteret County,00BOGU,3703100BOGU,459.1,1702.3,1714736.4285048712,1467891.7425469127
NC,Carteret County,00CCCP,3703100CCCP,517.7,1724.4,1708432.4097987365,1463000.0883113465
NC,Carteret County,00CISL,3703100CISL,68.7,187.2,1776544.68188551,1516174.8792006394
NC,Carteret County,00DASW,3703100DASW,108.3,400.9,1757340.5786566823,1501242.2919757331
NC,Carteret County,00EMIS,3703100EMIS,890.4,1921.0,1715266.0842292677,1459669.4496322293
NC,Carteret County,00HAIS,3703100HAIS,163.5,617.0,1755970.2040249927,1465726.0268846785
NC,Carteret County,00IBSP,3703100IBSP,199.6,332.9,1725679.3437915198,1465280.8366595241
NC,Carteret County,00MASM,3703100MASM,158.7,344.9,1762758.1212097737,1476359.7011313015
NC,Carteret County,00MCRK,3703100MCRK,68.1,322.0,1734077.0980384033,1478196.235782557
NC,Carteret County,00MERR,3703100MERR,136.4,254.5,1745156.730049954,1496981.6792720212
NC,Carteret County,00MHD1,3703100MHD1,581.9,1099.5,1740310.934387637,1474980.2889152349
NC,Carteret County,00MHD2,3703100MHD2,762.2,1220.7,1736533.51407431,1472586.5210849952
NC,Carteret County,00MHD3,3703100MHD3,798.5,1793.9,1735879.0950617266,1474854.244833153
NC,Carteret County,00MHD4,3703100MHD4,633.6,1541.9,1729216.1529469716,1471285.0836483627
NC,Carteret County,00NPT1,3703100NPT1,657.6,1771.4,1727349.449944663,1480400.1036007022
NC,Carteret County,00NPT2,3703100NPT2,427.7,1603.1,1720318.6121349013,1476574.5529712127
NC,Carteret County,00NRIV,3703100NRIV,309.6,251.3,1743717.7410113348,1486543.1138545438
NC,Carteret County,00PELE,3703100PELE,260.3,860.9,1707270.418007763,1467471.8281838852
NC,Carteret County,00PKNL,3703100PKNL,290.8,512.6,1731272.7819820642,1466250.2425711672
NC,Carteret County,00STEL,3703100STEL,230.1,862.8,1708454.1779834602,1473078.066582271
NC,Carteret County,00WIHA,3703100WIHA,386.6,978.6,1738263.447442598,1483457.3017550383
NC,Carteret County,00WILD,3703100WILD,700.2,1764.0,1728481.8984025111,1473792.2803494316
NC,Carteret County,0OTBEG,370310OTBEG,317.8,1042.4,1751372.5675949783,1481473.9963809354
NC,Caswell County,0000PH,370330000PH,511.7,848.4,1484600.8592135445,1604648.6079858975
NC,Caswell County,00ANDE,3703300ANDE,219.6,477.5,1475736.3081090818,1599968.3635724348
NC,Caswell County,00LEAS,3703300LEAS,240.4,254.6,1485507.3658612063,1615724.3337046045
NC,Caswell County,00LOCU,3703300LOCU,838.2,621.9,1463833.8919640062,1609025.4258373321
NC,Caswell County,00MILT,3703300MILT,891.1,596.4,1480560.1513744514,1624965.3866241768
NC,Caswell County,00PELH,3703300PELH,714.6,1396.6,1462367.9771110672,1621359.7931296926
NC,Caswell County,00STON,3703300STON,569.4,1065.2,1463844.393567104,1598984.4075676254
NC,Caswell County,00YANC,3703300YANC,849.2,657.7,1473596.6688101985,1611163.7692213964
NC,Caswell County,0PROVI,370330PROVI,228.2,378.4,1470024.6518372367,1621328.0680904842
NC,Catawba County,000001,37035000001,447.0,2094.6,1331459.595291161,1500433.6960778337
NC,Catawba County,000002,37035000002,381.3,1407.1,1301865.7046657475,1493562.743506479
NC,Catawba County,000003,37035000003,426.0,1235.2,1311568.26422856,1495391.956603772
NC,Catawba County,000004,37035000004,269.6,292.1,1310005.417482631,1506715.6674847673
NC,Catawba County,000005,37035000005,651.2,1642.1,1331534.0431292127,1508552.9907587636
NC,Catawba County,000006,37035000006,511.2,1252.8,1325727.8823703139,1510982.3668318917
NC,Catawba County,000007,37035000007,816.8,1226.1,1318965.8951657948,1510129.4700661777
NC,Catawba County,000008,37035000008,611.9,1334.4,1321754.0841449052,1509448.204307523
NC,Catawba County,000009,37035000009,332.4,1513.8,1328234.740617322,1495414.1121664091
NC,Catawba County,000010,37035000010,227.3,145.6,1321313.0143329583,1504254.664057943
NC,Catawba County,000011,37035000011,361.6,355.7,1309648.4128172952,1510796.3356311372
NC,Catawba County,000012,37035000012,744.7,230.1,1310596.56587863,1509489.2553074695
NC,Catawba County,000013,37035000013,565.7,392.6,1307422.741962694,1509458.6401398696
NC,Catawba County,000014,37035000014,545.2,649.9,1308109.584349452,1510616.738099438
NC,Catawba County,000015,37035000015,413.6,28.4,1309254.9274576572,1509000.642724289
NC,Catawba County,000016,37035000016,761.7,949.4,1311310.2307332736,1511858.6981887969
NC,Catawba County,000017,37035000017,459.9,634.8,1305467.5162917166,1509364.637636618
NC,Catawba County,000019,37035000019,305.7,526.1,1305435.509872662,1506449.3532945614
NC,Catawba County,000020,37035000020,617.1,1721.1,1323450.6226131525,1496253.5803933537
NC,Catawba County,000021,37035000021,289.1,1040.9,1338724.5337009565,1507926.229639035
NC,Catawba County,000022,37035000022,709.0,1698.7,1324492.657407196,1505565.2947756986
NC,Catawba County,000023,37035000023,957.7,2179.9,1310447.2342098944,1502610.9382308142
NC,Catawba County,000024,37035000024,759.7,2058.3,1304498.2909508564,1501364.2001557713
NC,Catawba County,000025,37035000025,583.9,814.1,1319846.900904277,1506293.4511483316
NC,Catawba County,000026,37035000026,631.5,808.7,1306785.6201744683,1512104.4444418354
NC,Catawba County,000027,37035000027,641.9,2089.9,1325660.919052264,1517280.0684812418
NC,Catawba County,000028,37035000028,722.8,1412.7,1315213.046597756,1511573.7783901005
NC,Catawba County,000029,37035000029,951.8,2531.4,1315215.1969755758,1516938.303741112
NC,Catawba County,000030,37035000030,1066.6,1566.9,1312995.8161762569,1513728.224437628
NC,Catawba County,000031,37035000031,895.3,2616.9,1340321.548014367,1500742.6586153435
NC,Catawba County,000032,37035000032,825.3,1280.7,1322559.4565914366,1500832.2525137863
NC,Catawba County,000033,37035000033,776.9,2079.8,1319362.6953470798,1516435.0690860623
NC,Catawba County,000034,37035000034,965.0,2446.7,1317731.4783461713,1498174.089150184
NC,Catawba County,000035,37035000035,739.3,1282.9,1314035.6522051734,1506704.6858631657
NC,Catawba County,000036,37035000036,720.0,1046.9,1308303.9964405145,1513233.725795872
NC,Catawba County,000037,37035000037,804.7,968.5,1310149.8794301641,1513311.546597232
NC,Catawba County,000038,37035000038,819.4,1426.1,1311418.802662375,1516269.0424118643
NC,Catawba County,000039,37035000039,591.6,1275.2,1308918.0822023628,1516098.5008471538
NC,Catawba County,000040,37035000040,385.2,547.2,1318985.9418783898,1504307.2888937858
NC,Catawba County,000041,37035000041,673.3,2045.8,1342696.216058435,1496573.875144088
NC,Chatham County,000003,37037000003,416.6,904.0,1474839.7160254624,1545931.945768641
NC,Chatham County,000006,37037000006,112.2,506.6,1473014.4149509643,1518778.783628361
NC,Chatham County,000009,37037000009,369.4,770.6,1480544.0247457023,1527114.4023833228
NC,Chatham County,000015,37037000015,1176.6,643.7,1504413.7313572126,1548138.303088544
NC,Chatham County,000018,37037000018,709.3,1106.2,1490722.3356716384,1524070.0409909904
NC,Chatham County,000020,37037000020,596.5,832.9,1515673.3426902103,1532003.981939702
NC,Chatham County,000021,37037000021,613.1,626.5,1489102.2530894838,1548853.584003893
NC,Chatham County,000024,37037000024,78.1,506.0,1479901.2707417172,1518485.3950380748
NC,Chatham County,000030,37037000030,607.9,752.2,1488035.1076315206,1538206.9328549448
NC,Chatham County,000042,37037000042,678.5,876.2,1515260.5334176011,1544884.214134575
NC,Chatham County,000045,37037000045,343.7,443.4,1500909.0949347059,1529005.8212636728
NC,Chatham County,000075,37037000075,1986.3,1671.8,1517692.908000186,1556234.4425827593
NC,Chatham County,000078,37037000078,2666.6,1456.2,1510051.0784116164,1548639.2678376907
NC,Chatham County,000085,37037000085,986.0,972.2,1471296.6164530162,1533284.9832027457
NC,Chatham County,ESC114,37037ESC114,1624.5,1248.5,1478211.135842886,1536122.108925883
NC,Chatham County,MCH110,37037MCH110,4459.9,1729.7,1499418.4335864673,1554079.712397806
NC,Chatham County,NWM117,37037NWM117,3220.7,1562.1,1510275.6095673894,1555142.8793175723
NC,Chatham County,PIT113,37037PIT113,3635.3,2300.1,1499664.622021047,1541043.1055007386
NC,Cherokee County,00ANNW,3703900ANNW,280.0,767.3,1096186.3492501292,1421342.5195499973
NC,Cherokee County,00ANSW,3703900ANSW,279.0,816.2,1097879.7172567237,1416140.384139011
NC,Cherokee County,00BELL,3703900BELL,231.7,670.4,1077865.645469021,1394940.4001804448
NC,Cherokee County,00BRAS,3703900BRAS,173.1,445.2,1082532.8317854844,1397880.6593549154
NC,Cherokee County,00CSON,3703900CSON,137.0,497.6,1068343.6056013994,1393849.7143715322
NC,Cherokee County,00GCRK,3703900GCRK,60.2,290.9,1071965.080448743,1408026.6852885897
NC,Cherokee County,00HANG,3703900HANG,85.1,457.7,1077338.1762747709,1417569.058636363
NC,Cherokee County,00HIWA,3703900HIWA,304.5,1069.0,1061940.1801339758,1404053.8540967987
NC,Cherokee County,00HOTH,3703900HOTH,207.3,748.7,1059650.1337157972,1394986.4285198944
NC,Cherokee County,00MARB,3703900MARB,184.5,712.3,1088438.5361421423,1416267.9524513136
NC,Cherokee County,00MURN,3703900MURN,415.6,962.9,1079723.4723266566,1409118.6033358148
NC,Cherokee County,00MURS,3703900MURS,398.2,1161.1,1081585.8020079872,1404522.4928814424
NC,Cherokee County,00PCHT,3703900PCHT,378.3,1152.9,1087742.7742993839,1407026.2622129621
NC,Cherokee County,00RGER,3703900RGER,299.5,874.1,1072438.1619094661,1399109.7060759545
NC,Cherokee County,00TOPT,3703900TOPT,51.3,256.2,1103559.5472118566,1423062.5974366467
NC,Cherokee County,00UNKA,3703900UNKA,84.7,316.2,1064509.1585687827,1415641.8324970459
NC,Chowan County,000001,37041000001,899.5,470.5,1719730.6690206474,1624051.7332301168
NC,Chowan County,000002,37041000002,1112.9,1152.9,1714647.293070222,1621890.913292341
NC,Chowan County,000003,37041000003,224.1,950.8,1708671.1065517608,1632123.5850722166
NC,Chowan County,000004,37041000004,321.3,315.5,1714824.989894649,1636013.4962876562
NC,Chowan County,000005,37041000005,173.2,524.9,1712106.8221047877,1645612.3203755766
NC,Chowan County,000006,37041000006,467.2,664.9,1728584.681360515,1620342.3461713337
NC,Clay County,00BRAS,3704300BRAS,181.8,437.6,1087990.1825711033,1398463.8996218017
NC,Clay County,00HAY1,3704300HAY1,234.7,614.0,1098437.9469282213,1404922.9115645944
NC,Clay County,00HAY2,3704300HAY2,300.3,707.6,1099096.258357376,1398720.141219254
NC,Clay County,00HAYC,3704300HAYC,85.6,217.0,1097324.610878624,1400706.13036612
NC,Clay County,00HIAW,3704300HIAW,280.1,743.4,1105403.832908394,1400249.8361762452
NC,Clay County,00SHCR,3704300SHCR,168.2,697.5,1116325.470916593,1404208.5036118445
NC,Clay County,00SWEE,3704300SWEE,132.6,373.0,1092991.4461977135,1404133.01984302
NC,Clay County,00TUSQ,3704300TUSQ,129.3,365.2,1104679.4336942788,1410113.0419883404
NC,Clay County,00WARN,3704300WARN,133.4,392.3,1092147.1404805365,1396654.4015605566
NC,Cleveland County,0000BR,370450000BR,1005.0,2444.0,1287720.561656127,1448413.4929265617
NC,Cleveland County,000S-5,37045000S-5,912.5,931.1,1303793.090938502,1461633.287978769
NC,Cleveland County,000S-C,37045000S-C,2562.7,2109.2,1300370.271559034,1458604.723567484
NC,Cleveland County,000S-S,37045000S-S,1993.9,2034.2,1300565.8114028394,1455170.2481588887
NC,Cleveland County,00KM-N,3704500KM-N,1234.5,2073.4,1314948.7142592517,1457998.6894620047
NC,Cleveland County,00KM-S,3704500KM-S,1170.8,1881.4,1316911.5962176404,1451515.9339077931
NC,Cleveland County,00LATT,3704500LATT,442.4,1488.3,1288232.4570469307,1460391.3100457275
NC,Cleveland County,00S-4A,3704500S-4A,1680.7,1611.6,1297397.2905365753,1463066.2086493024
NC,Cleveland County,00WACO,3704500WACO,776.6,1492.9,1306756.6107041682,1466455.1773748691
NC,Cleveland County,0CASAR,370450CASAR,120.7,884.6,1285893.347768569,1482719.4904503892
NC,Cleveland County,0MULLS,370450MULLS,283.3,1108.2,1295165.8067013784,1481900.7345468705
NC,Cleveland County,0RIPPY,370450RIPPY,839.6,1691.7,1301350.5188970773,1449754.5293910985
NC,Cleveland County,BETHWR,37045BETHWR,302.7,970.4,1309371.4677904749,1453002.181442833
NC,Cleveland County,FALSTN,37045FALSTN,220.8,919.6,1300662.837506413,1472998.955959036
NC,Cleveland County,GROVER,37045GROVER,593.4,1652.8,1309690.039514323,1448421.5120540003
NC,Cleveland County,KINGST,37045KINGST,439.0,237.0,1290854.8688210987,1464583.9967021695
NC,Cleveland County,LAWNDL,37045LAWNDL,588.5,666.3,1295638.7939429805,1471368.8331009273
NC,Cleveland County,MRB-YO,37045MRB-YO,235.2,845.2,1283670.5381710823,1453440.0357419269
NC,Cleveland County,OAKGRV,37045OAKGRV,578.6,1958.3,1310303.919753784,1459637.9166730489
NC,Cleveland County,POLKVL,37045POLKVL,357.9,1316.8,1287670.8211752006,1471964.227574495
NC,Cleveland County,SHANGI,37045SHANGI,558.9,1279.1,1294748.7341612808,1451137.6929493817
NC,Columbus County,000P03,37047000P03,93.9,261.9,1579448.439701569,1361031.8234347424
NC,Columbus County,000P04,37047000P04,94.3,143.5,1572416.535938475,1365228.523483911
NC,Columbus County,000P05,37047000P05,66.8,224.6,1582359.5398879473,1367350.1071496531
NC,Columbus County,000P06,37047000P06,157.0,423.7,1550663.952019455,1390272.9459801635
NC,Columbus County,000P07,37047000P07,1083.8,983.0,1559277.1007469425,1391357.9392183975
NC,Columbus County,000P08,37047000P08,30.0,234.3,1551886.434157574,1381915.0583927277
NC,Columbus County,000P09,37047000P09,366.0,342.4,1544349.3488060902,1386073.949960675
NC,Columbus County,000P10,37047000P10,79.4,480.0,1582738.0659040227,1378031.4299975135
NC,Columbus County,000P11,37047000P11,134.5,436.7,1573346.5762672038,1384925.5890781516
NC,Columbus County,000P12,37047000P12,33.2,115.6,1589684.5745929142,1382768.3828804817
NC,Columbus County,000P13,37047000P13,87.2,333.4,1578281.8488844293,1374286.0713993695
NC,Columbus County,000P14,37047000P14,1144.0,1272.4,1610164.7614539044,1399755.1257217363
NC,Columbus County,000P15,37047000P15,650.6,768.7,1551680.880225697,1400210.29726955
NC,Columbus County,000P17,37047000P17,499.8,264.3,1574652.778568737,1404363.5862692834
NC,Columbus County,000P18,37047000P18,153.4,214.3,1565335.9511983567,1407603.6978816641
NC,Columbus County,000P19,37047000P19,825.3,771.4,1570782.8494501542,1396341.6994216454
NC,Columbus County,000P21,37047000P21,274.5,538.8,1565176.1432999352,1401567.0031879167
NC,Columbus County,000P23,37047000P23,664.9,814.7,1566403.4984365196,1395956.381587871
NC,Columbus County,000P24,37047000P24,215.8,1128.5,1561491.7085059355,1380533.4994011733
NC,Columbus County,00P01A,3704700P01A,480.0,655.6,1580577.481879235,1393114.9088888345
NC,Columbus County,00P02B,3704700P02B,469.4,255.4,1598427.71489907,1392889.0486679238
NC,Columbus County,00P16B,3704700P16B,428.1,715.6,1588192.6785775698,1399719.157819902
NC,Columbus County,00P20A,3704700P20A,414.8,318.8,1570759.5900852897,1393934.1888254622
NC,Columbus County,00P22A,3704700P22A,419.7,789.8,1568560.6075430466,1388732.795222875
NC,Columbus County,00P25B,3704700P25B,122.3,759.8,1569644.8683330081,1375701.5918258438
NC,Columbus County,00P26B,3704700P26B,910.9,1130.2,1563720.115588004,1371290.1333494233
NC,Craven County,000002,37049000002,2149.5,3510.9,1713519.5084025008,1486020.042113204
NC,Craven County,000003,37049000003,861.1,1964.9,1698220.6115414076,1505343.4986437322
NC,Craven County,000005,37049000005,719.3,1282.4,1693467.60011989,1503322.4169960963
NC,Craven County,000007,37049000007,730.8,1039.6,1684523.1181134118,1514988.525556361
NC,Craven County,000011,37049000011,490.2,1541.2,1701602.4898790538,1515565.152564794
NC,Craven County,000016,37049000016,905.3,1943.8,1708884.964008693,1501973.0039326523
NC,Craven County,000017,37049000017,427.4,1246.1,1706998.6759346537,1493965.7761002488
NC,Craven County,000019,37049000019,1011.9,1095.3,1731513.7779340355,1492394.2080029815
NC,Craven County,000020,37049000020,847.7,1588.0,1709102.0635843743,1508053.3403842924
NC,Craven County,000021,37049000021,733.9,1682.6,1701151.0229642433,1501573.9654475113
NC,Craven County,000023,37049000023,1305.3,2319.6,1705342.6121878086,1502082.8433264198
NC,Craven County,0000N1,370490000N1,932.0,586.7,1701913.7732601324,1508304.797682876
NC,Craven County,0000N2,370490000N2,1132.7,342.4,1700078.979234219,1507891.4372853038
NC,Craven County,0000N4,370490000N4,1622.5,1173.7,1695963.5082546629,1511355.6607833814
NC,Craven County,0000N6,370490000N6,1420.7,1723.0,1696481.0078870396,1507695.615949353
NC,Craven County,00CFB8,3704900CFB8,419.8,702.5,1673799.1553019343,1516895.4966143512
NC,Craven County,00CLR4,3704900CLR4,968.8,1002.9,1692184.6975245292,1509253.566373483
NC,Craven County,00DFB9,3704900DFB9,275.2,330.6,1667089.8919019962,1521252.3211961617
NC,Craven County,00N3N5,3704900N3N5,1492.1,1068.9,1700067.7292302703,1510909.2158611168
NC,Craven County,00TE13,3704900TE13,185.3,809.2,1700670.7610038084,1526378.6668338736
NC,Craven County,00VE14,3704900VE14,1187.1,1831.9,1684084.851990405,1529855.507189345
NC,Cumberland County,000G1A,37051000G1A,995.0,466.5,1544565.1260735653,1469337.6713121403
NC,Cumberland County,000G1B,37051000G1B,1196.6,1699.5,1549498.3018552319,1469974.2886350858
NC,Cumberland County,000G2A,37051000G2A,2140.9,929.8,1538056.8077735023,1477946.6111982965
NC,Cumberland County,000G2B,37051000G2B,1867.1,1025.8,1540019.1645756362,1480158.60739855
NC,Cumberland County,000G2D,37051000G2D,1607.1,1293.2,1537444.9323449929,1486957.217547916
NC,Cumberland County,000G3B,37051000G3B,429.5,320.8,1539180.6317085908,1468884.8759453227
NC,Cumberland County,000G3C,37051000G3C,460.7,550.5,1542277.5559669745,1464853.5010308672
NC,Cumberland County,000G4A,37051000G4A,574.8,422.9,1534955.911732854,1468670.917350121
NC,Cumberland County,000G4B,37051000G4B,536.4,586.6,1535881.6944884427,1467357.6861109596
NC,Cumberland County,000G4C,37051000G4C,841.0,348.2,1535751.4235270326,1465796.183610384
NC,Cumberland County,000G5C,37051000G5C,963.4,452.7,1531458.3103777221,1468138.951826822
NC,Cumberland County,000G6A,37051000G6A,971.5,2302.5,1556759.343424431,1470503.7840057192
NC,Cumberland County,000G6B,37051000G6B,227.6,610.4,1566145.6689579734,1459224.1812506507
NC,Cumberland County,000G6C,37051000G6C,570.4,852.1,1554289.5357682426,1458118.2628264222
NC,Cumberland County,000G7A,37051000G7A,276.0,670.3,1556031.1374221754,1490908.8273555832
NC,Cumberland County,000G7B,37051000G7B,256.1,645.1,1551404.357094887,1484112.4078752128
NC,Cumberland County,000G8A,37051000G8A,1592.4,902.7,1531607.0531767684,1465352.7021406235
NC,Cumberland County,000G8B,37051000G8B,884.3,745.6,1531387.3678888814,1463959.6264390426
NC,Cumberland County,000G8C,37051000G8C,1000.5,658.5,1534384.3869908305,1464845.2911812149
NC,Cumberland County,000G8D,37051000G8D,963.1,1036.9,1534671.7556051018,1461514.8952880248
NC,Cumberland County,000G9A,37051000G9A,962.9,898.0,1536951.0578187422,1461995.0286799604
NC,Cumberland County,00AH49,3705100AH49,1508.4,590.0,1531287.9821014125,1466775.4980720752
NC,Cumberland County,00AL51,3705100AL51,1261.7,2334.3,1544172.6615732696,1453102.6707238387
NC,Cumberland County,00CC01,3705100CC01,1292.0,177.0,1540594.1677600783,1470979.939757167
NC,Cumberland County,00CC03,3705100CC03,534.4,266.3,1532165.4224218372,1475502.9270611047
NC,Cumberland County,00CC04,3705100CC04,444.9,352.8,1538863.6269294424,1472430.5847946291
NC,Cumberland County,00CC05,3705100CC05,979.5,132.3,1539901.686021308,1475421.3571409537
NC,Cumberland County,00CC06,3705100CC06,393.4,394.5,1536978.7370681479,1473610.8898390534
NC,Cumberland County,00CC07,3705100CC07,342.9,415.3,1537565.424376563,1472350.5556416428
NC,Cumberland County,00CC08,3705100CC08,423.9,629.7,1537832.91429791,1471342.9901190603
NC,Cumberland County,00CC10,3705100CC10,477.3,309.3,1537277.237922762,1468409.7232636916
NC,Cumberland County,00CC12,3705100CC12,414.5,885.0,1535857.6331248258,1471694.4531925432
NC,Cumberland County,00CC13,3705100CC13,1151.3,81.3,1537416.637194489,1474414.5004092085
NC,Cumberland County,00CC14,3705100CC14,840.7,1061.5,1534757.6304019045,1472899.742200727
NC,Cumberland County,00CC15,3705100CC15,850.7,1071.1,1536964.0246846718,1469523.2239934963
NC,Cumberland County,00CC16,3705100CC16,1365.1,46.1,1538066.4619462397,1475564.9311489852
NC,Cumberland County,00CC17,3705100CC17,1549.1,229.7,1535213.5651651244,1476650.374752158
NC,Cumberland County,00CC18,3705100CC18,438.1,705.9,1536361.3924009956,1470633.0686379555
NC,Cumberland County,00CC19,3705100CC19,576.3,58.2,1540890.4150036376,1473445.4056193854
NC,Cumberland County,00CC21,3705100CC21,1564.0,623.8,1534555.4988968023,1474606.9482298905
NC,Cumberland County,00CC24,3705100CC24,581.8,331.7,1532077.100264112,1472069.3573480954
NC,Cumberland County,00CC25,3705100CC25,729.4,471.5,1529201.4669984186,1472208.794036728
NC,Cumberland County,00CC26,3705100CC26,1672.0,519.2,1530630.9899461872,1472800.085594086
NC,Cumberland County,00CC27,3705100CC27,1793.5,547.3,1528900.5549123946,1471203.7714857757
NC,Cumberland County,00CC29,3705100CC29,969.1,424.8,1532598.3211372248,1470114.4104975045
NC,Cumberland County,00CC31,3705100CC31,746.7,524.7,1533143.3979577716,1468570.9632178352
NC,Cumberland County,00CC32,3705100CC32,669.7,156.0,1529326.9338847431,1474462.459963
NC,Cumberland County,00CC33,3705100CC33,1051.9,555.4,1530338.1936267843,1475111.406347624
NC,Cumberland County,00CC34,3705100CC34,693.8,841.1,1533948.6433135567,1471068.7107422699
NC,Cumberland County,00CU02,3705100CU02,711.9,529.5,1533588.7593839213,1466954.8438868793
NC,Cumberland County,00G10A,3705100G10A,1677.2,1755.7,1529872.8211493704,1463049.937145604
NC,Cumberland County,00G10B,3705100G10B,922.2,814.5,1532686.149986995,1460839.3344026792
NC,Cumberland County,00G10C,3705100G10C,1080.8,1514.8,1528756.4190603618,1460940.4594910084
NC,Cumberland County,00G11B,3705100G11B,860.3,863.4,1526122.399358686,1479675.9727497215
NC,Cumberland County,00LI65,3705100LI65,789.2,1431.2,1545435.0462927984,1491936.6141611594
NC,Cumberland County,00LR63,3705100LR63,2154.2,631.4,1523986.4178492948,1467624.9757437343
NC,Cumberland County,00MB62,3705100MB62,1426.2,355.0,1526321.8977661273,1469071.0157649398
NC,Cumberland County,00MR02,3705100MR02,1265.5,634.2,1527910.3129547408,1473880.680852483
NC,Cumberland County,00SH77,3705100SH77,807.6,1071.6,1547462.0081938154,1460425.769171852
NC,Cumberland County,0G2C-1,370510G2C-1,1235.2,769.8,1537787.6726169165,1480525.0213724049
NC,Cumberland County,0G2C-2,370510G2C-2,998.1,847.7,1537468.4255616057,1482209.1223430594
NC,Cumberland County,0G2E-1,370510G2E-1,1142.1,273.5,1535777.0498019662,1480718.105675463
NC,Cumberland County,0G2E-2,370510G2E-2,1309.0,239.5,1535188.065594979,1477979.7375942105
NC,Cumberland County,0G3A-1,370510G3A-1,1696.0,721.1,1538467.0061196082,1464091.331104847
NC,Cumberland County,0G3A-2,370510G3A-2,919.9,661.6,1537566.820018554,1465714.236443264
NC,Cumberland County,0G5A-1,370510G5A-1,1317.8,427.5,1529138.3042148573,1466758.4084927875
NC,Cumberland County,0G5A-2,370510G5A-2,994.2,625.7,1525979.7335628981,1465520.275925553
NC,Cumberland County,0G5B-1,370510G5B-1,1792.0,260.8,1530102.0018271478,1469572.6626107097
NC,Cumberland County,0G5B-2,370510G5B-2,1254.2,335.1,1528216.7583681913,1468888.5864706014
NC,Cumberland County,0G9B-1,370510G9B-1,1494.6,1513.9,1534134.484295386,1458235.9874162457
NC,Cumberland County,0G9B-2,370510G9B-2,1509.1,1518.5,1539414.3298956656,1458357.0176972398
NC,Cumberland County,CL57-1,37051CL57-1,1465.7,542.0,1524259.1379190441,1470840.3547900186
NC,Cumberland County,CL57-2,37051CL57-2,1745.4,461.2,1522712.5436984748,1468832.9330103814
NC,Cumberland County,EO61-1,37051EO61-1,784.9,1349.3,1544832.9790583283,1478446.8512439698
NC,Cumberland County,EO61-2,37051EO61-2,626.9,882.3,1552309.1888039985,1478131.7365759758
NC,Cumberland County,SL78-3,37051SL78-3,2225.2,707.6,1528842.174371187,1485743.4366020996
NC,Currituck County,0000CB,370530000CB,57.5,96.7,1775841.6095915684,1681831.1079178427
NC,Currituck County,0000CH,370530000CH,610.4,2175.5,1760681.189122924,1674653.9608130793
NC,Currituck County,0000CI,370530000CI,17.9,60.8,1769838.3626443786,1670660.487664405
NC,Currituck County,0000CJ,370530000CJ,183.0,424.0,1765869.4093328076,1666171.7126878682
NC,Currituck County,0000GW,370530000GW,49.9,218.8,1755044.7243016982,1682915.2570084662
NC,Currituck County,0000IR,370530000IR,227.5,665.6,1755417.7350294318,1668996.5714085514
NC,Currituck County,0000KI,370530000KI,137.6,578.4,1765289.238454101,1682640.3046896644
NC,Currituck County,0000MY,370530000MY,921.9,3026.1,1746150.336544361,1677922.0084272954
NC,Currituck County,0000PB,370530000PB,800.6,1751.7,1775696.2704185308,1659569.263163428
NC,Currituck County,0000PP,370530000PP,400.0,807.3,1785755.6546053458,1640917.2051619387
NC,Currituck County,0000WH,370530000WH,258.0,321.5,1782856.1201569831,1665863.8899035319
NC,Dare County,0000EL,370550000EL,15.4,43.9,1783512.923700657,1608941.402481832
NC,Dare County,0000MH,370550000MH,105.9,251.2,1796299.6639166821,1618531.666532846
NC,Dare County,000BUX,37055000BUX,265.7,510.2,1832016.2023738048,1550033.6073465284
NC,Dare County,000COL,37055000COL,1024.2,1404.3,1797839.8754765121,1631871.0669914093
NC,Dare County,000HAT,37055000HAT,137.9,233.3,1819310.2726341416,1544653.7459285462
NC,Dare County,000KDH,37055000KDH,1702.9,2215.9,1804090.7116536298,1635820.204855001
NC,Dare County,000WAN,37055000WAN,184.6,584.5,1811195.3634193928,1611978.0290155385
NC,Dare County,00AVON,3705500AVON,210.8,315.0,1821786.0529649544,1567884.845082898
NC,Dare County,00CHCA,3705500CHCA,219.0,220.1,1817447.8080824802,1593721.0248867779
NC,Dare County,00DUCK,3705500DUCK,215.2,229.1,1791486.1016679744,1652043.6614225437
NC,Dare County,00FRCO,3705500FRCO,198.9,369.9,1824461.9486291914,1552002.151112785
NC,Dare County,00KTHK,3705500KTHK,863.7,1365.4,1797860.4800093814,1639817.2277570323
NC,Dare County,00MATO,3705500MATO,1561.9,1901.8,1803140.4920896897,1621961.554510782
NC,Dare County,00NGHD,3705500NGHD,901.2,1001.3,1813100.8512520974,1622723.281127417
NC,Dare County,00SOSH,3705500SOSH,1162.2,1447.6,1795102.8129299795,1645182.5321671176
NC,Dare County,00STPT,3705500STPT,35.1,104.9,1796963.9290384755,1597230.1494748127
NC,Davidson County,000004,37057000004,1161.6,3111.9,1400096.2625908896,1551185.126761301
NC,Davidson County,000006,37057000006,389.9,1618.2,1391645.509647445,1526421.0901356314
NC,Davidson County,000008,37057000008,230.8,547.2,1407920.710750295,1533546.2577838213
NC,Davidson County,000010,37057000010,478.0,1311.8,1401987.0230977384,1525196.621815703
NC,Davidson County,000012,37057000012,120.5,466.3,1419829.739890027,1516812.744152295
NC,Davidson County,000014,37057000014,200.5,1207.6,1419035.1229743902,1520723.6657309826
NC,Davidson County,000016,37057000016,442.3,1866.8,1405152.1293676128,1555369.921610845
NC,Davidson County,000018,37057000018,285.6,1200.6,1412702.6272443675,1514943.8716738413
NC,Davidson County,000020,37057000020,375.0,1649.6,1411959.6352952765,1534198.537091991
NC,Davidson County,000022,37057000022,170.7,501.5,1405741.4258143553,1538783.5369199323
NC,Davidson County,000024,37057000024,262.6,746.1,1400802.7032866157,1539983.3666548624
NC,Davidson County,000026,37057000026,272.7,579.2,1399671.5512938695,1537688.840672401
NC,Davidson County,000028,37057000028,568.9,1307.4,1399127.3406786516,1531963.209152256
NC,Davidson County,000030,37057000030,981.5,221.4,1402183.3413790672,1531854.0058490206
NC,Davidson County,000032,37057000032,433.9,332.3,1402083.9568795376,1534171.6636523467
NC,Davidson County,000034,37057000034,608.3,557.1,1402267.2256718902,1537081.2746106132
NC,Davidson County,000036,37057000036,504.3,325.0,1403645.411153138,1536572.3673921067
NC,Davidson County,000038,37057000038,547.3,150.9,1404491.192771295,1535397.7133657536
NC,Davidson County,000040,37057000040,715.0,690.5,1404663.4013666834,1532016.5254785642
NC,Davidson County,000042,37057000042,233.4,1543.9,1418857.8340937088,1533977.8383904432
NC,Davidson County,000044,37057000044,872.4,2267.9,1406969.1665092418,1550298.3827378107
NC,Davidson County,000046,37057000046,448.8,1489.1,1401536.2507943867,1546622.883075694
NC,Davidson County,000048,37057000048,395.4,1498.8,1394025.641008992,1537408.2788854945
NC,Davidson County,000050,37057000050,463.3,2153.3,1395423.0828349781,1543605.1506096865
NC,Davidson County,000052,37057000052,706.6,2566.6,1409423.2167170704,1525864.6240761967
NC,Davidson County,000054,37057000054,150.4,1174.4,1418365.797528734,1527487.20680052
NC,Davidson County,000056,37057000056,140.7,799.0,1419887.6281460414,1507814.4932229018
NC,Davidson County,000058,37057000058,550.0,1773.8,1404412.4151884918,1518867.924056694
NC,Davidson County,000060,37057000060,1088.8,1870.2,1418623.9707350044,1547512.231126439
NC,Davidson County,000062,37057000062,659.9,281.1,1417700.1577684216,1545469.4910409423
NC,Davidson County,000064,37057000064,718.7,233.1,1416105.1830217938,1544860.9750940294
NC,Davidson County,000066,37057000066,502.7,742.1,1417539.7571249162,1543213.6658329763
NC,Davidson County,000068,37057000068,635.7,805.1,1419358.2058856457,1544221.818648613
NC,Davidson County,000070,37057000070,360.0,1389.0,1411077.1177665486,1543721.3452194773
NC,Davidson County,000072,37057000072,447.8,1732.0,1415116.2168862277,1549341.2486223965
NC,Davidson County,000074,37057000074,515.8,2142.6,1414156.5607306717,1539979.3920074769
NC,Davidson County,000076,37057000076,431.4,1888.0,1419356.7552697011,1539997.7606705045
NC,Davidson County,000078,37057000078,505.9,1892.8,1392017.0496979377,1532083.768787625
NC,Davidson County,000082,37057000082,437.7,1599.1,1404516.8881616301,1543307.4185849864
NC,Davidson County,000084,37057000084,1141.8,2862.6,1393838.2457816468,1550479.1764397244
NC,Davidson County,000088,37057000088,532.3,1353.9,1417526.1902441832,1554601.720196343
NC,Davidson County,00080A,3705700080A,773.7,3160.2,1411291.4156105008,1555556.9193008386
NC,Davidson County,00086A,3705700086A,1013.6,1520.0,1415344.4258494696,1558131.4436510417
NC,Davie County,000001,37059000001,217.5,633.7,1366478.7172044409,1541008.9696009979
NC,Davie County,000002,37059000002,200.9,613.4,1367642.9606259533,1534795.3981053275
NC,Davie County,000003,37059000003,393.3,1543.9,1366302.379112483,1549526.164891055
NC,Davie County,000004,37059000004,335.9,833.5,1376578.660794266,1531797.6162361067
NC,Davie County,000005,37059000005,466.7,1465.7,1376128.069672939,1552741.8739479957
NC,Davie County,000006,37059000006,320.3,896.7,1386372.2424354004,1538745.2128895049
NC,Davie County,000007,37059000007,354.7,1024.6,1381749.1258674902,1531262.9839042996
NC,Davie County,000008,37059000008,766.2,980.8,1375944.6867883564,1540097.1918354796
NC,Davie County,000009,37059000009,557.8,1081.1,1375461.7152937294,1536983.9004158648
NC,Davie County,000010,37059000010,526.8,1387.7,1388034.215636041,1546542.3900224771
NC,Davie County,000011,37059000011,270.6,1034.1,1382718.5194896637,1544598.0833222154
NC,Davie County,000012,37059000012,782.3,2050.5,1380777.4876414144,1549377.3325093868
NC,Davie County,000013,37059000013,870.8,1716.2,1384598.6200809951,1552774.1606786542
NC,Davie County,000014,37059000014,426.0,1092.3,1374901.7223456104,1543141.1188516058
NC,Duplin County,00ALBE,3706100ALBE,216.8,658.0,1633954.3982840483,1496839.383024114
NC,Duplin County,00BEUL,3706100BEUL,427.8,1618.8,1644362.1447151185,1477822.2939095453
NC,Duplin County,00CALY,3706100CALY,183.7,402.6,1608919.6256726135,1496173.6006109233
NC,Duplin County,00CFRK,3706100CFRK,83.1,466.5,1649190.2522766723,1473068.3501214348
NC,Duplin County,00CHAR,3706100CHAR,557.8,367.0,1630872.3632692304,1463341.2610956754
NC,Duplin County,00CHIN,3706100CHIN,173.3,463.9,1645068.1535806267,1466339.9331185305
NC,Duplin County,00CYCK,3706100CYCK,162.1,770.4,1644125.7917141162,1458376.5067110886
NC,Duplin County,00FAIS,3706100FAIS,462.0,485.8,1610112.3684452537,1488592.8860562267
NC,Duplin County,00GLIS,3706100GLIS,110.7,378.8,1628755.4535050879,1492027.6408979632
NC,Duplin County,00HALL,3706100HALL,353.0,553.3,1636702.5232352957,1472913.790048874
NC,Duplin County,00KENA,3706100KENA,1131.6,949.5,1625560.819021375,1476874.909049281
NC,Duplin County,00LOCK,3706100LOCK,66.4,197.0,1635243.7669771838,1459355.0174263327
NC,Duplin County,00MAGN,3706100MAGN,527.0,391.8,1613470.7193924088,1465984.153081354
NC,Duplin County,00ROCK,3706100ROCK,300.3,359.6,1614049.4624151136,1452862.573895706
NC,Duplin County,00ROSE,3706100ROSE,598.9,576.5,1620337.7124150188,1461206.2846172107
NC,Duplin County,00SMCA,3706100SMCA,178.8,648.0,1637622.4350992732,1485581.0201776507
NC,Duplin County,00WALL,3706100WALL,1594.6,1589.1,1626258.4722951376,1454667.3885778952
NC,Duplin County,00WARS,3706100WARS,1377.3,722.1,1611575.4975024434,1478646.6967323262
NC,Duplin County,00WOLF,3706100WOLF,271.4,777.1,1619243.2894031622,1494728.2626867422
NC,Durham County,000001,37063000001,884.9,80.1,1518243.1060197935,1577921.896100026
NC,Durham County,000002,37063000002,2122.2,212.2,1517784.5789164887,1577165.388524224
NC,Durham County,000003,37063000003,1876.9,195.6,1516884.0350905098,1576783.0803874827
NC,Durham County,000004,37063000004,1203.6,145.0,1516060.5194000646,1577727.268482044
NC,Durham County,000005,37063000005,3061.6,381.3,1515704.7023299003,1575697.9902866592
NC,Durham County,000006,37063000006,1476.8,113.6,1516060.48499378,1573878.8713323125
NC,Durham County,000007,37063000007,1792.4,152.2,1518359.7045915322,1575806.2796114965
NC,Durham County,000008,37063000008,1841.3,122.3,1518405.2298351978,1574639.6831486488
NC,Durham County,000009,37063000009,1891.2,259.1,1518209.1336672774,1572407.2466274523
NC,Durham County,000010,37063000010,1225.9,81.1,1519487.0708450766,1574110.6211672854
NC,Durham County,000012,37063000012,468.1,26.3,1520243.005886825,1573909.680784836
NC,Durham County,000013,37063000013,720.7,29.0,1521273.8094411355,1573530.5548378797
NC,Durham County,000014,37063000014,1347.2,132.1,1522830.9681625676,1573941.5077885708
NC,Durham County,000015,37063000015,921.9,71.7,1521771.0638875577,1575108.1561251967
NC,Durham County,000016,37063000016,1481.7,303.1,1517402.4310053943,1566101.8882953636
NC,Durham County,000017,37063000017,2066.2,118.6,1520107.9523082818,1575469.7558113239
NC,Durham County,000018,37063000018,1410.4,90.1,1522441.6430042365,1576259.7827978756
NC,Durham County,000019,37063000019,2116.8,244.3,1522388.564481138,1577938.7132910944
NC,Durham County,000020,37063000020,1570.3,87.1,1519352.2544483466,1577024.7503406017
NC,Durham County,000021,37063000021,1303.9,155.9,1519192.4531552263,1578668.035865946
NC,Durham County,000022,37063000022,3265.0,216.3,1520039.3748721648,1579927.7440638025
NC,Durham County,000023,37063000023,4350.8,551.9,1518886.3858889472,1582841.9060314398
NC,Durham County,000024,37063000024,2264.8,854.1,1515746.6991232971,1579408.5010343157
NC,Durham County,000025,37063000025,1127.0,1071.4,1516080.6552314959,1589354.9079243366
NC,Durham County,000026,37063000026,595.5,750.8,1513354.212843489,1596875.1269478113
NC,Durham County,000027,37063000027,2117.3,649.1,1512279.0713911045,1566158.3464690228
NC,Durham County,000028,37063000028,1548.0,1628.0,1520694.671420539,1595013.9878179554
NC,Durham County,000029,37063000029,2177.2,1051.2,1525878.570359486,1582885.283116183
NC,Durham County,000031,37063000031,3028.1,986.2,1524994.1776098548,1570838.3998000107
NC,Durham County,000032,37063000032,2095.7,1805.1,1532729.8850257194,1575909.9566447055
NC,Durham County,000033,37063000033,5255.3,1493.0,1525262.5100243893,1565820.4627909493
NC,Durham County,000036,37063000036,2000.0,269.8,1516117.838939184,1571197.936671209
NC,Durham County,000037,37063000037,2984.8,1529.2,1513563.6542468567,1580730.319963225
NC,Durham County,000038,37063000038,4311.9,924.0,1513953.622014819,1567730.1263494543
NC,Durham County,000039,37063000039,2140.1,755.8,1515943.8605745863,1568795.1487209166
NC,Durham County,000040,37063000040,1491.6,154.6,1517387.9620481392,1572917.0595372277
NC,Durham County,000041,37063000041,1048.5,23.6,1518823.6923767156,1570636.952100528
NC,Durham County,000042,37063000042,925.6,21.9,1520192.2727819537,1571374.5361832927
NC,Durham County,000043,37063000043,4366.6,1107.2,1513019.5547633427,1572838.077992073
NC,Durham County,000044,37063000044,3385.2,1988.3,1512894.5371478198,1586473.6590098809
NC,Durham County,000045,37063000045,2777.5,1519.4,1517145.7313984586,1584551.936544447
NC,Durham County,000046,37063000046,2100.5,436.7,1517390.353989608,1580422.744992534
NC,Durham County,000047,37063000047,1345.3,71.6,1521697.9079978906,1571730.9033985152
NC,Durham County,000048,37063000048,1255.9,260.5,1517173.5557051026,1568814.902349938
NC,Durham County,000050,37063000050,2474.5,657.1,1512958.7265529921,1577117.000335489
NC,Durham County,000051,37063000051,3863.4,749.7,1517917.7818340927,1567918.9843175367
NC,Durham County,000052,37063000052,2230.7,222.2,1524402.6668013989,1575517.865248859
NC,Durham County,000054,37063000054,4992.6,828.7,1520033.8361218432,1566097.677044981
NC,Durham County,0030-1,370630030-1,5503.5,1640.8,1527594.2998354905,1572955.473949994
NC,Durham County,0030-2,370630030-2,4957.0,897.7,1527549.0521242965,1577407.4026342104
NC,Durham County,0034-1,370630034-1,2193.2,295.0,1520742.0705822045,1567758.5801542515
NC,Durham County,0034-2,370630034-2,3799.6,370.3,1520170.1151224158,1569411.496141134
NC,Durham County,0035.3,370630035.3,5889.5,1538.4,1519980.9450111168,1562881.18230824
NC,Durham County,0053-1,370630053-1,2070.6,521.6,1517027.7201841965,1564015.907896649
NC,Durham County,0053-2,370630053-2,2784.9,720.2,1514496.0762531639,1561980.6499125774
NC,Durham County,055-11,37063055-11,1218.3,29.9,1519266.4187834014,1572265.9918799086
NC,Durham County,055-49,37063055-49,1461.0,26.4,1520184.1177222722,1572920.4569321456
NC,Edgecombe County,000101,37065000101,1413.5,157.4,1644493.1030503314,1587256.2021999497
NC,Edgecombe County,000102,37065000102,1323.6,817.0,1640356.7669654451,1584543.0828893238
NC,Edgecombe County,000103,37065000103,852.4,803.4,1636859.6844915878,1587919.867816948
NC,Edgecombe County,000104,37065000104,906.9,644.8,1638418.3437795755,1590181.3333792456
NC,Edgecombe County,000201,37065000201,447.8,382.2,1647727.5747160367,1580583.3136086853
NC,Edgecombe County,000301,37065000301,173.1,124.6,1652390.0404891204,1591286.1678587408
NC,Edgecombe County,000401,37065000401,273.0,163.0,1643624.498906979,1596943.9847486399
NC,Edgecombe County,000501,37065000501,234.0,167.0,1636312.1873651769,1598107.5740560254
NC,Edgecombe County,000601,37065000601,546.5,173.6,1628504.8634649264,1605422.6754703037
NC,Edgecombe County,000701,37065000701,902.8,280.4,1625430.3486379187,1595660.5103433912
NC,Edgecombe County,000801,37065000801,429.8,585.8,1639552.753123129,1574790.5204048974
NC,Edgecombe County,000901,37065000901,244.3,584.2,1634189.3733466654,1566168.6804239997
NC,Edgecombe County,001001,37065001001,820.6,717.1,1631806.939051841,1572909.7563919267
NC,Edgecombe County,001101,37065001101,352.7,421.6,1632921.206931451,1584389.2395296437
NC,Edgecombe County,001201,37065001201,2644.8,114.5,1619583.1425864128,1587349.9192870068
NC,Edgecombe County,001202,37065001202,1223.6,54.5,1618308.013040865,1585906.2312323332
NC,Edgecombe County,001203,37065001203,1220.0,894.1,1623821.2660780672,1586653.106041449
NC,Edgecombe County,001204,37065001204,1213.5,70.7,1620257.0223543656,1589568.0598348384
NC,Edgecombe County,001205,37065001205,735.3,21.4,1618459.2921756045,1589081.3789661631
NC,Edgecombe County,001301,37065001301,307.3,559.6,1627491.280364816,1578367.2721007909
NC,Edgecombe County,001401,37065001401,159.2,528.6,1620872.8578595305,1579730.5800574387
NC,Forsyth County,000011,37067000011,1620.1,2033.8,1410337.6507830778,1564757.6999238236
NC,Forsyth County,000012,37067000012,545.0,1465.3,1415006.3947148053,1561635.0328320563
NC,Forsyth County,000013,37067000013,1284.2,1732.8,1409820.0695442285,1568040.0699523478
NC,Forsyth County,000014,37067000014,579.9,1089.2,1415478.6455583575,1567725.4252987849
NC,Forsyth County,000015,37067000015,776.2,1162.8,1413656.6147026985,1564330.3001116891
NC,Forsyth County,000021,37067000021,687.4,2055.8,1410937.4639254948,1581848.7301874226
NC,Forsyth County,000031,37067000031,638.1,915.5,1394299.904687575,1581128.8907461483
NC,Forsyth County,000032,37067000032,864.0,1292.4,1390305.8197280578,1577658.7374413153
NC,Forsyth County,000033,37067000033,1083.9,707.1,1395997.613747807,1577290.7746458356
NC,Forsyth County,000034,37067000034,645.3,1008.1,1391523.5331463513,1579805.8602589709
NC,Forsyth County,000042,37067000042,1365.6,1152.8,1402840.5308745077,1557536.823384361
NC,Forsyth County,000043,37067000043,930.1,1016.4,1407206.8934344472,1561970.4208511014
NC,Forsyth County,000051,37067000051,928.7,1282.6,1389665.7032972558,1555882.6261868982
NC,Forsyth County,000052,37067000052,451.4,544.7,1387070.5207862083,1554871.2468872012
NC,Forsyth County,000053,37067000053,631.2,1076.7,1390273.5707423587,1552554.7126996932
NC,Forsyth County,000054,37067000054,922.4,1237.1,1387416.33248122,1552694.3771483304
NC,Forsyth County,000055,37067000055,1218.8,1654.7,1385469.2769670885,1556387.7723706772
NC,Forsyth County,000061,37067000061,683.7,911.1,1415514.169297159,1571174.6023206857
NC,Forsyth County,000062,37067000062,577.5,968.2,1413066.9840120936,1575034.0410395544
NC,Forsyth County,000063,37067000063,1042.6,1924.7,1409334.861957263,1572267.0457989872
NC,Forsyth County,000064,37067000064,392.6,533.9,1413301.7822451792,1571789.5845294467
NC,Forsyth County,000065,37067000065,1150.4,1844.1,1411385.6049599287,1570433.5701810163
NC,Forsyth County,000066,37067000066,579.3,1168.8,1414865.2703983926,1575190.62038312
NC,Forsyth County,000067,37067000067,627.1,749.0,1414022.8091323122,1569155.82535682
NC,Forsyth County,000068,37067000068,730.6,1348.4,1410113.8898288794,1575351.7889308152
NC,Forsyth County,000071,37067000071,1220.2,1635.7,1385742.0290248082,1562871.8116109832
NC,Forsyth County,000072,37067000072,1886.3,2458.4,1386932.2306336274,1559677.6796839503
NC,Forsyth County,000073,37067000073,802.8,1638.4,1380372.0074749154,1560012.5792960264
NC,Forsyth County,000074,37067000074,1310.2,1232.1,1388357.6637461693,1563420.1484954245
NC,Forsyth County,000075,37067000075,190.3,384.5,1379771.2998807756,1563581.5918969961
NC,Forsyth County,000081,37067000081,1580.9,863.4,1399052.9667686631,1574593.4272325274
NC,Forsyth County,000082,37067000082,2001.6,1489.5,1405241.4569513279,1571442.372359457
NC,Forsyth County,000083,37067000083,1058.2,539.9,1403069.6264083355,1573986.8637539903
NC,Forsyth County,000091,37067000091,463.8,1111.7,1382254.626351195,1577247.1935738209
NC,Forsyth County,000092,37067000092,378.7,973.9,1386381.007214559,1578249.8158786385
NC,Forsyth County,000101,37067000101,888.1,715.6,1390643.3670051892,1574147.8973427028
NC,Forsyth County,000111,37067000111,356.1,1022.8,1400355.181162113,1579921.9766348524
NC,Forsyth County,000112,37067000112,784.7,1502.0,1405255.7882223078,1579830.4109149068
NC,Forsyth County,000122,37067000122,2844.8,1894.5,1396417.6963760457,1555856.1994285905
NC,Forsyth County,000123,37067000123,1163.8,1044.6,1390356.0891909348,1560810.2433732406
NC,Forsyth County,000131,37067000131,1182.8,1389.9,1387139.0598460461,1568045.9100169071
NC,Forsyth County,000132,37067000132,1484.7,1719.0,1385898.4277642479,1571333.7220593926
NC,Forsyth County,000133,37067000133,1879.9,2671.5,1383615.248986648,1566994.7178356508
NC,Forsyth County,000201,37067000201,2407.7,406.0,1395410.8129569949,1571622.0359011756
NC,Forsyth County,000203,37067000203,1069.7,33.7,1398603.9640979446,1567860.1516467528
NC,Forsyth County,000204,37067000204,965.0,85.1,1397748.4202108304,1569600.5555734122
NC,Forsyth County,000205,37067000205,536.1,20.7,1397687.4739547225,1567167.6002792323
NC,Forsyth County,000206,37067000206,1051.8,119.9,1397014.5359030461,1572167.4960186565
NC,Forsyth County,000207,37067000207,1297.0,264.6,1393853.3852201342,1573657.9315794935
NC,Forsyth County,000301,37067000301,566.7,19.2,1400434.8254369427,1568431.9555330025
NC,Forsyth County,000302,37067000302,633.8,38.4,1399308.5711104819,1569609.012968622
NC,Forsyth County,000303,37067000303,452.8,17.8,1400636.636770788,1569107.6426554131
NC,Forsyth County,000304,37067000304,1396.3,42.5,1400962.9457359537,1570486.3129319823
NC,Forsyth County,000305,37067000305,992.0,36.5,1402039.2960877721,1571386.5743324065
NC,Forsyth County,000306,37067000306,873.2,139.6,1399257.4228793068,1572306.3096004447
NC,Forsyth County,000401,37067000401,1223.0,163.4,1403724.320575065,1567526.1098839454
NC,Forsyth County,000402,37067000402,816.7,25.3,1401516.4255763243,1567716.3544392844
NC,Forsyth County,000403,37067000403,991.7,73.1,1399651.925673148,1567055.0189148288
NC,Forsyth County,000404,37067000404,1453.6,264.1,1400329.9714024006,1566156.4936713474
NC,Forsyth County,000405,37067000405,1326.2,40.4,1400919.7668545924,1564746.3014705814
NC,Forsyth County,000501,37067000501,1382.8,124.0,1403669.3999979498,1564894.3184969367
NC,Forsyth County,000502,37067000502,883.4,54.8,1402174.8650383763,1564090.999660911
NC,Forsyth County,000503,37067000503,820.3,148.0,1401035.0069086535,1562500.8840664031
NC,Forsyth County,000504,37067000504,691.4,124.9,1403007.3051920964,1562687.0978745737
NC,Forsyth County,000505,37067000505,955.6,259.7,1402412.5750239799,1560549.756384338
NC,Forsyth County,000506,37067000506,705.0,413.7,1400697.4364900682,1558896.187183611
NC,Forsyth County,000507,37067000507,2220.3,1270.9,1406750.713471579,1565663.4627296817
NC,Forsyth County,000601,37067000601,1027.9,293.0,1399037.2322660354,1564789.8520387756
NC,Forsyth County,000602,37067000602,2011.0,1111.8,1396582.5609360633,1558784.382649495
NC,Forsyth County,000603,37067000603,1187.6,301.3,1399347.196679496,1563324.9542086038
NC,Forsyth County,000604,37067000604,1034.3,262.6,1397945.0262756443,1562329.0308608525
NC,Forsyth County,000605,37067000605,1615.6,734.6,1398753.376365393,1559845.1032108983
NC,Forsyth County,000606,37067000606,785.9,369.3,1399939.0379515926,1561225.4552079756
NC,Forsyth County,000607,37067000607,1136.0,637.9,1396072.1944007366,1561447.3066441223
NC,Forsyth County,000701,37067000701,631.0,508.2,1395688.3915800068,1564976.1533910665
NC,Forsyth County,000702,37067000702,854.5,369.7,1396183.7371650422,1564058.117216392
NC,Forsyth County,000703,37067000703,676.5,282.6,1397222.3076805056,1564154.406480267
NC,Forsyth County,000704,37067000704,1009.8,413.6,1397136.294140657,1562986.356683585
NC,Forsyth County,000705,37067000705,1115.9,549.1,1394092.3559364185,1561792.5491350058
NC,Forsyth County,000706,37067000706,467.5,273.3,1393173.3873642616,1563332.2124781325
NC,Forsyth County,000707,37067000707,782.9,465.2,1394474.2583783271,1563736.045954173
NC,Forsyth County,000708,37067000708,1839.2,1271.7,1391536.816801732,1558713.1415115697
NC,Forsyth County,000709,37067000709,1449.2,864.8,1393530.3566453443,1557896.007008812
NC,Forsyth County,000801,37067000801,656.1,398.9,1393841.0274025563,1567905.357697273
NC,Forsyth County,000802,37067000802,682.8,623.6,1395139.6333705527,1567456.6378193127
NC,Forsyth County,000803,37067000803,665.8,786.9,1395481.5596834836,1566189.5199012004
NC,Forsyth County,000804,37067000804,554.9,479.4,1393337.9221325503,1565953.3059938408
NC,Forsyth County,000805,37067000805,1078.5,869.6,1391671.0953433223,1565141.2864111853
NC,Forsyth County,000806,37067000806,758.6,733.6,1393325.5453136968,1564641.9040223989
NC,Forsyth County,000807,37067000807,806.9,730.7,1389916.5384758378,1562885.2911503874
NC,Forsyth County,000808,37067000808,1655.1,751.8,1391659.9461201655,1562883.7280591293
NC,Forsyth County,000809,37067000809,1169.5,1012.3,1390980.9348213885,1566257.2847838644
NC,Forsyth County,000901,37067000901,942.7,496.0,1397151.318489738,1566128.667713047
NC,Forsyth County,000902,37067000902,1100.5,257.0,1398337.2517183383,1565545.4377407383
NC,Forsyth County,000903,37067000903,1494.0,676.4,1396431.2873469554,1568527.4931625011
NC,Forsyth County,000904,37067000904,1270.8,352.2,1391926.0802189019,1571769.6267725525
NC,Forsyth County,000905,37067000905,1264.7,473.2,1394609.7332807912,1570282.2471133515
NC,Forsyth County,000906,37067000906,1534.8,938.7,1392008.4237952854,1568209.815612994
NC,Forsyth County,000907,37067000907,925.6,504.9,1392640.1044186172,1569912.6608612277
NC,Forsyth County,000908,37067000908,1156.7,1100.1,1390328.2314196602,1569591.2463649341
NC,Forsyth County,000909,37067000909,614.3,448.2,1389941.9330662917,1571439.3087999332
NC,Franklin County,000001,37069000001,942.8,397.9,1570065.8037449925,1596402.4106091815
NC,Franklin County,000002,37069000002,649.2,419.9,1568633.571524267,1597134.5493572385
NC,Franklin County,000003,37069000003,1307.4,1268.8,1553044.2429475924,1595691.4467249746
NC,Franklin County,000005,37069000005,654.5,1031.8,1571983.8794437363,1585325.1590298454
NC,Franklin County,000006,37069000006,679.6,530.4,1578461.5901564166,1580304.9649490146
NC,Franklin County,000007,37069000007,383.3,923.2,1572900.5153056064,1576620.9780597151
NC,Franklin County,000008,37069000008,938.9,1208.3,1581368.8653219752,1587817.9079141028
NC,Franklin County,000009,37069000009,463.6,681.8,1584103.3379882833,1598404.9587117375
NC,Franklin County,000010,37069000010,296.3,479.6,1586580.838180629,1608571.631782479
NC,Franklin County,000011,37069000011,731.0,463.7,1575460.293894464,1609186.668901102
NC,Franklin County,000012,37069000012,458.6,533.4,1564811.327141422,1608176.196878505
NC,Franklin County,000013,37069000013,534.5,942.4,1578848.5999536412,1573294.4473894264
NC,Franklin County,000014,37069000014,1205.3,2034.8,1561535.3440127021,1586407.282551385
NC,Franklin County,000015,37069000015,1517.9,734.7,1561125.573815138,1596624.884802219
NC,Franklin County,000016,37069000016,913.6,548.5,1574428.9569862324,1598599.840799795
NC,Franklin County,000017,37069000017,945.8,1716.5,1566028.564844422,1583415.5011541175
NC,Franklin County,000018,37069000018,914.9,1408.7,1556860.3692097648,1586784.7546096537
NC,Franklin County,000019,37069000019,1796.0,2456.4,1552461.1041505851,1586775.3556732351
NC,Gaston County,000001,37071000001,503.5,386.9,1330893.2922893285,1459486.0094920837
NC,Gaston County,000002,37071000002,923.5,596.9,1330471.2716554345,1457320.2354269775
NC,Gaston County,000003,37071000003,820.0,412.5,1329654.5558338035,1458840.089868359
NC,Gaston County,000004,37071000004,1431.3,1953.2,1327316.668848549,1454623.7061761878
NC,Gaston County,000005,37071000005,898.2,516.9,1327930.542536093,1462138.3729231802
NC,Gaston County,000006,37071000006,857.8,258.4,1326846.761966649,1459946.246075094
NC,Gaston County,000007,37071000007,659.2,48.8,1330570.5908531942,1461827.8442465684
NC,Gaston County,000008,37071000008,766.1,364.2,1331984.3459102989,1462253.123976862
NC,Gaston County,000009,37071000009,676.8,609.3,1333355.7962787196,1460334.0840210663
NC,Gaston County,000010,37071000010,960.2,943.2,1333682.5348716679,1458699.3607414023
NC,Gaston County,000011,37071000011,649.0,434.9,1332037.246097997,1459039.0028943408
NC,Gaston County,000012,37071000012,695.7,1287.3,1334430.6299107634,1462878.053922648
NC,Gaston County,000013,37071000013,734.3,1163.9,1336341.2739911305,1464599.7325647743
NC,Gaston County,000014,37071000014,353.9,527.6,1335271.8420389951,1460181.1422940856
NC,Gaston County,000015,37071000015,1983.5,2817.2,1336926.887769933,1456727.9060336838
NC,Gaston County,000016,37071000016,1177.6,2202.0,1335939.5326372702,1454178.814618898
NC,Gaston County,000017,37071000017,1291.0,1705.9,1332704.2392040219,1455605.142300258
NC,Gaston County,000018,37071000018,1997.9,2121.4,1336979.9962313906,1459239.3455286971
NC,Gaston County,000019,37071000019,1054.6,2104.2,1330495.774716308,1451351.5260857078
NC,Gaston County,000020,37071000020,584.6,1859.2,1319931.5500045228,1462040.7617561994
NC,Gaston County,000021,37071000021,617.7,960.6,1322500.6277206093,1459365.9428052467
NC,Gaston County,000022,37071000022,885.5,2096.1,1322721.7439947757,1452870.5351642559
NC,Gaston County,000023,37071000023,1023.6,1593.3,1344044.2050113543,1458621.0072442945
NC,Gaston County,000024,37071000024,826.7,1196.0,1345188.6542269657,1460573.510412354
NC,Gaston County,000025,37071000025,594.8,1185.3,1342823.818634619,1462849.3265224544
NC,Gaston County,000026,37071000026,683.5,1186.0,1344960.2910125463,1463449.9658672397
NC,Gaston County,000027,37071000027,1219.4,2338.2,1346435.2812247472,1454655.5324594586
NC,Gaston County,000028,37071000028,951.7,1779.2,1341463.6123542872,1458564.7859072252
NC,Gaston County,000029,37071000029,1004.5,2338.0,1342848.3688719736,1453924.4860790812
NC,Gaston County,000030,37071000030,514.3,1096.5,1340198.545326859,1462599.8320521493
NC,Gaston County,000031,37071000031,597.9,1841.4,1338750.539843491,1451379.5726980516
NC,Gaston County,000032,37071000032,544.2,1149.0,1338353.460040518,1462046.5593406507
NC,Gaston County,000033,37071000033,281.2,1229.4,1318610.8793987988,1466341.1266779802
NC,Gaston County,000034,37071000034,323.8,1252.2,1321139.094885539,1472617.3985372027
NC,Gaston County,000035,37071000035,309.4,904.1,1315148.5506873254,1471110.3726295969
NC,Gaston County,000036,37071000036,491.3,1714.8,1310228.4875874955,1472529.540086315
NC,Gaston County,000037,37071000037,328.8,769.4,1312225.4169106728,1467884.6050421046
NC,Gaston County,000038,37071000038,364.1,1766.6,1327572.490046172,1471998.7131095997
NC,Gaston County,000039,37071000039,397.6,2215.2,1333505.1595756966,1473352.3057481204
NC,Gaston County,000040,37071000040,1101.2,2230.0,1327179.5445520265,1465820.4818671586
NC,Gaston County,000041,37071000041,675.7,1733.0,1331721.8813015197,1467846.2330619672
NC,Gaston County,000042,37071000042,642.8,1465.5,1346165.739469873,1475181.8762643333
NC,Gaston County,000043,37071000043,945.8,2022.7,1340578.1679059311,1473256.0395046065
NC,Gaston County,000044,37071000044,1007.2,2589.3,1338382.2289595034,1468792.636906824
NC,Gaston County,000045,37071000045,1164.0,1393.0,1346262.7626603914,1469261.721369432
NC,Gaston County,000046,37071000046,1008.9,2531.5,1342667.6296737297,1466402.7781221566
NC,Gates County,000001,37073000001,597.1,438.5,1701051.0121415441,1657384.080697258
NC,Gates County,000002,37073000002,202.8,463.0,1689147.812075829,1656350.0673875266
NC,Gates County,000003,37073000003,718.4,660.5,1690299.111535928,1666583.6256886139
NC,Gates County,000005,37073000005,270.7,483.8,1713878.5090343615,1657540.6454844505
NC,Gates County,00004N,3707300004N,349.7,623.3,1710562.6123142971,1670461.678638984
NC,Gates County,00004S,3707300004S,388.0,306.7,1708508.2637785203,1662894.4490171731
NC,Graham County,00EAST,3707500EAST,412.9,1252.7,1101283.5985730493,1432684.9779205571
NC,Graham County,00STEC,3707500STEC,199.0,585.0,1104916.8511782025,1443146.7305920077
NC,Graham County,00TAPO,3707500TAPO,88.0,378.0,1085933.129307847,1441556.6301953814
NC,Graham County,00WEST,3707500WEST,299.6,911.7,1086812.1438463468,1430066.36875209
NC,Granville County,00ANTI,3707700ANTI,453.1,222.6,1545193.9011005205,1613285.3470768523
NC,Granville County,00BERE,3707700BERE,544.1,644.5,1526993.7273043524,1619362.4880719376
NC,Granville County,00BTNR,3707700BTNR,1214.6,856.7,1528416.4875905102,1593013.5911064767
NC,Granville County,00CORI,3707700CORI,788.2,839.0,1542085.7360877774,1607730.0552835173
NC,Granville County,00CRDL,3707700CRDL,986.1,417.6,1539311.5735690333,1615757.6238472555
NC,Granville County,00CRDM,3707700CRDM,1916.1,1668.2,1534027.0668078288,1591920.9139711752
NC,Granville County,00EAOX,3707700EAOX,1184.9,479.7,1541436.740474621,1615602.3840554492
NC,Granville County,00MTEN,3707700MTEN,1486.8,1975.1,1541763.9141470885,1591796.7643408016
NC,Granville County,00OKHL,3707700OKHL,440.4,466.8,1524936.3007566787,1632253.9349165082
NC,Granville County,00SALM,3707700SALM,710.0,668.2,1542674.6231977076,1622374.1447307486
NC,Granville County,00SASS,3707700SASS,615.4,763.7,1538025.6698792523,1634869.9347633335
NC,Granville County,00SOOX,3707700SOOX,841.1,231.7,1540504.1434449276,1614008.3426378437
NC,Granville County,00TYHO,3707700TYHO,1039.2,1954.2,1529846.8489136333,1605208.1816986292
NC,Granville County,00WILT,3707700WILT,1480.8,2804.4,1545760.4780027743,1596224.6575102159
NC,Granville County,00WOEL,3707700WOEL,708.7,360.3,1535953.3453673346,1621143.978281114
NC,Greene County,000SH1,37079000SH1,666.9,542.3,1639092.4337958137,1534865.4257727447
NC,Greene County,00ARBA,3707900ARBA,387.6,316.5,1638142.940280653,1529080.568121673
NC,Greene County,00BEAR,3707900BEAR,275.7,387.6,1637232.1026159974,1539142.5285588694
NC,Greene County,00BULL,3707900BULL,294.4,309.3,1627795.6447959882,1541104.8301817854
NC,Greene County,00CAST,3707900CAST,213.8,431.6,1639571.7887520795,1547312.881601385
NC,Greene County,00HOOK,3707900HOOK,291.9,342.8,1648419.7734583716,1532036.4218699604
NC,Greene County,00MAUR,3707900MAUR,585.3,615.9,1648612.5394375667,1539604.0487053534
NC,Greene County,00SHIN,3707900SHIN,466.8,677.3,1630536.0154241747,1530879.1029198004
NC,Greene County,00SUGG,3707900SUGG,336.8,396.8,1643216.6535851327,1530775.9787480952
NC,Greene County,00WALS,3707900WALS,363.4,377.4,1631352.9312772693,1549442.0572245058
NC,Guilford County,0000GR,370810000GR,422.4,1511.2,1460178.7421184368,1560420.8650578265
NC,Guilford County,000CG1,37081000CG1,1265.5,757.2,1432132.6683776118,1578221.846774675
NC,Guilford County,000CG2,37081000CG2,968.5,773.9,1434573.6874600812,1579254.457720414
NC,Guilford County,000FR1,37081000FR1,2060.9,980.8,1430268.2579048383,1564815.8795308084
NC,Guilford County,000FR2,37081000FR2,958.7,910.3,1428386.6353886505,1564548.6718638781
NC,Guilford County,000FR3,37081000FR3,670.6,576.7,1429178.5401713387,1574921.7000412578
NC,Guilford County,000FR4,37081000FR4,585.6,692.1,1426934.4286276984,1571966.1681782806
NC,Guilford County,000G01,37081000G01,778.7,67.6,1440598.8777866608,1571143.1576577923
NC,Guilford County,000G02,37081000G02,632.2,240.5,1440904.899902113,1572552.3303574733
NC,Guilford County,000G03,37081000G03,1292.1,96.3,1442225.2749643594,1573184.633902582
NC,Guilford County,000G04,37081000G04,1177.8,94.5,1443157.5511142355,1572143.3435077602
NC,Guilford County,000G05,37081000G05,967.5,51.5,1443257.4622516714,1573735.3489062432
NC,Guilford County,000G06,37081000G06,1056.7,58.2,1444827.0479536257,1574136.9468165939
NC,Guilford County,000G07,37081000G07,1040.3,334.6,1441071.9326980575,1574272.9148961613
NC,Guilford County,000G08,37081000G08,1270.4,350.9,1441155.800298888,1575398.0511119284
NC,Guilford County,000G09,37081000G09,1732.1,326.0,1440028.7538091426,1577063.1665311148
NC,Guilford County,000G10,37081000G10,1629.8,353.7,1441802.7963972848,1577142.0043814543
NC,Guilford County,000G11,37081000G11,969.9,257.3,1439458.6136990106,1570812.1919948834
NC,Guilford County,000G12,37081000G12,716.5,156.0,1438459.6240656564,1570792.3876936007
NC,Guilford County,000G13,37081000G13,841.4,302.2,1437367.0876455996,1570546.532083179
NC,Guilford County,000G14,37081000G14,737.6,246.8,1437112.643395736,1569521.0042033186
NC,Guilford County,000G15,37081000G15,820.5,282.8,1435816.6522861943,1569320.019781407
NC,Guilford County,000G16,37081000G16,773.0,474.1,1435354.2107037376,1569996.4554392267
NC,Guilford County,000G17,37081000G17,857.4,572.5,1436146.927892875,1571472.5604135946
NC,Guilford County,000G18,37081000G18,561.4,558.9,1437948.311239957,1572105.5386483418
NC,Guilford County,000G19,37081000G19,674.7,568.8,1439307.2402292788,1572538.7623187017
NC,Guilford County,000G20,37081000G20,1104.7,874.5,1437949.977574758,1573337.0700411375
NC,Guilford County,000G21,37081000G21,1538.2,1030.4,1438470.5565917098,1575085.0695710997
NC,Guilford County,000G22,37081000G22,717.9,763.3,1437227.425456985,1574424.9699293892
NC,Guilford County,000G23,37081000G23,716.8,384.1,1436000.5899845099,1574010.8840454498
NC,Guilford County,000G24,37081000G24,744.9,291.2,1435898.1305412652,1575078.1002702033
NC,Guilford County,000G25,37081000G25,932.4,514.5,1435650.8477961714,1576080.7959215227
NC,Guilford County,000G26,37081000G26,1873.0,527.0,1438012.501346008,1577201.1739215406
NC,Guilford County,000G27,37081000G27,1335.5,1025.0,1435304.5505267656,1577532.5983067213
NC,Guilford County,000G28,37081000G28,559.9,331.5,1434117.7292857943,1576923.7121675513
NC,Guilford County,000G29,37081000G29,801.3,400.6,1434184.9613625493,1575365.9911260747
NC,Guilford County,000G30,37081000G30,713.1,714.4,1433685.5389893842,1574232.2071779699
NC,Guilford County,000G31,37081000G31,704.3,479.7,1435441.3089320003,1572900.1877386402
NC,Guilford County,000G32,37081000G32,1161.7,896.9,1433223.5159103365,1573119.2669996624
NC,Guilford County,000G33,37081000G33,785.1,621.4,1434277.9134144324,1571800.0443445202
NC,Guilford County,000G34,37081000G34,871.1,662.7,1433151.2462426687,1571629.3402386743
NC,Guilford County,000G35,37081000G35,625.6,392.7,1433868.2027019993,1570409.2683999822
NC,Guilford County,000G36,37081000G36,1001.6,487.8,1433561.8602154586,1569520.1745015457
NC,Guilford County,000G37,37081000G37,1405.1,409.4,1431980.4079400543,1568857.8169643087
NC,Guilford County,000G38,37081000G38,1212.9,636.0,1431731.3891783406,1569845.9539347277
NC,Guilford County,000G39,37081000G39,694.5,378.7,1431438.0341981181,1571296.0645725264
NC,Guilford County,000G43,37081000G43,1462.1,504.8,1429027.245592221,1569277.33269816
NC,Guilford County,000G44,37081000G44,1334.8,236.7,1439212.2646776529,1569576.1873222718
NC,Guilford County,000G45,37081000G45,1641.4,242.3,1437951.105604056,1569157.6369955156
NC,Guilford County,000G46,37081000G46,1753.6,80.2,1439403.9034063634,1567889.4110023226
NC,Guilford County,000G47,37081000G47,1459.4,272.8,1438133.9547898327,1567680.2559764106
NC,Guilford County,000G48,37081000G48,1802.0,400.8,1435942.8518285956,1568394.530486444
NC,Guilford County,000G49,37081000G49,653.0,135.1,1432995.2024660527,1568033.0380588053
NC,Guilford County,000G50,37081000G50,1624.4,339.6,1434347.4271390762,1566965.9728855675
NC,Guilford County,000G51,37081000G51,884.9,336.1,1437038.8301039792,1566721.6086899748
NC,Guilford County,000G52,37081000G52,1131.8,126.4,1439359.5979467665,1566191.4557415494
NC,Guilford County,000G53,37081000G53,1905.8,153.6,1440309.0661977858,1563823.1032758432
NC,Guilford County,000G54,37081000G54,1608.0,186.5,1438644.3368000663,1564413.4384646388
NC,Guilford County,000G55,37081000G55,1549.5,275.2,1438737.1993331488,1562900.914826595
NC,Guilford County,000G56,37081000G56,948.3,274.7,1436796.962844631,1565156.5242983608
NC,Guilford County,000G57,37081000G57,1127.9,259.7,1437054.9310321622,1563327.0684226155
NC,Guilford County,000G58,37081000G58,1175.0,213.6,1435521.476508674,1564981.8615677608
NC,Guilford County,000G59,37081000G59,807.4,209.5,1435666.5781040043,1563140.223306633
NC,Guilford County,000G60,37081000G60,924.9,277.4,1434483.076585282,1564382.9410746978
NC,Guilford County,000G61,37081000G61,1083.9,269.8,1433317.5202891908,1565144.380088283
NC,Guilford County,000G62,37081000G62,730.8,363.4,1432026.9053055057,1565567.148450588
NC,Guilford County,000G63,37081000G63,971.7,426.7,1431153.1087372007,1567564.6338027327
NC,Guilford County,000G64,37081000G64,1454.9,414.6,1426962.864488423,1567911.3304202168
NC,Guilford County,000G65,37081000G65,1209.1,586.4,1431214.7441540095,1563036.416568357
NC,Guilford County,000G66,37081000G66,1200.7,700.8,1430216.4964692541,1563370.4897023863
NC,Guilford County,000G67,37081000G67,775.8,24.8,1440761.6155068136,1570271.3910739282
NC,Guilford County,000G68,37081000G68,975.0,24.3,1441815.1288493194,1571008.5766219331
NC,Guilford County,000G69,37081000G69,1360.6,123.8,1440445.887164144,1568897.2302177374
NC,Guilford County,000G70,37081000G70,1470.2,44.9,1441514.0881527718,1569356.613282857
NC,Guilford County,000G71,37081000G71,1497.5,58.3,1442719.9765650842,1569929.453630944
NC,Guilford County,000G72,37081000G72,1543.7,102.0,1444138.1233435052,1570912.0838247165
NC,Guilford County,000G73,37081000G73,1031.1,32.2,1441222.8082608785,1567629.0506220902
NC,Guilford County,000G74,37081000G74,1522.4,47.2,1442839.6795801772,1568408.4142587357
NC,Guilford County,000G75,37081000G75,1212.1,95.1,1442634.6782587063,1566011.4427776618
NC,Guilford County,000GIB,37081000GIB,900.0,1041.7,1459927.5027551656,1577281.222042291
NC,Guilford County,000H01,37081000H01,830.2,332.0,1421233.1165623125,1550862.6481677084
NC,Guilford County,000H02,37081000H02,544.1,528.6,1420830.8048498468,1552889.5744090443
NC,Guilford County,000H03,37081000H03,747.5,201.4,1423562.7544003692,1552171.888914079
NC,Guilford County,000H04,37081000H04,1095.9,603.5,1425812.9066762903,1551428.1136426176
NC,Guilford County,000H05,37081000H05,1150.8,212.5,1426823.6157337818,1554986.4051910408
NC,Guilford County,000H06,37081000H06,1336.0,736.6,1428589.369626527,1556722.067325369
NC,Guilford County,000H07,37081000H07,805.6,89.6,1425163.570013805,1553896.2835232748
NC,Guilford County,000H08,37081000H08,597.8,61.1,1423735.0849864767,1553491.78147979
NC,Guilford County,000H09,37081000H09,886.7,45.9,1424239.9590448712,1554960.9697659726
NC,Guilford County,000H10,37081000H10,1368.6,180.4,1426112.8975888295,1556909.5108888452
NC,Guilford County,000H11,37081000H11,1002.9,203.9,1423990.9506115115,1556088.388198701
NC,Guilford County,000H12,37081000H12,668.2,249.9,1422623.5576211093,1555206.8731860658
NC,Guilford County,000H13,37081000H13,644.1,680.1,1421531.5372307124,1554262.9896072766
NC,Guilford County,000H14,37081000H14,474.7,723.1,1419938.0925608664,1554468.393442858
NC,Guilford County,000H15,37081000H15,796.3,602.6,1419624.7440745938,1556726.8965605085
NC,Guilford County,000H16,37081000H16,480.4,492.5,1421015.080132819,1555999.0673417205
NC,Guilford County,000H17,37081000H17,585.4,230.1,1422309.4265585693,1556533.870114516
NC,Guilford County,000H18,37081000H18,1048.1,264.9,1423510.3439014568,1557645.1851711096
NC,Guilford County,000H21,37081000H21,455.5,520.9,1421187.6526666519,1558776.0316563211
NC,Guilford County,000H22,37081000H22,546.2,396.7,1420585.711007371,1557962.3863551365
NC,Guilford County,000H23,37081000H23,472.4,654.4,1419848.354762155,1559627.9697674944
NC,Guilford County,000H24,37081000H24,820.3,894.0,1419567.5506873925,1561503.660544416
NC,Guilford County,000H25,37081000H25,1235.8,1508.7,1421365.2467861928,1561946.6628313856
NC,Guilford County,000H26,37081000H26,814.2,791.2,1423873.794492618,1561296.7896910738
NC,Guilford County,000H28,37081000H28,1332.5,901.4,1425859.3292304857,1560323.6466150444
NC,Guilford County,000OR1,37081000OR1,1040.2,2039.4,1418172.9564962538,1578153.3760719376
NC,Guilford County,000OR2,37081000OR2,726.7,1382.7,1421666.4579081358,1578122.633107007
NC,Guilford County,000PG1,37081000PG1,541.3,798.0,1444369.8761427195,1559867.1681213584
NC,Guilford County,000PG2,37081000PG2,580.4,1503.9,1445686.211613781,1555532.2846084218
NC,Guilford County,000RC1,37081000RC1,1455.3,1173.1,1455965.740419589,1575559.909269224
NC,Guilford County,000RC2,37081000RC2,1937.3,1825.0,1459024.151803335,1570393.0627964952
NC,Guilford County,000SF1,37081000SF1,978.8,1646.3,1426227.390889689,1581658.4616744132
NC,Guilford County,000SF2,37081000SF2,463.8,913.9,1427721.7887964973,1585699.1161123295
NC,Guilford County,000SF3,37081000SF3,1092.4,1190.6,1429220.3481048734,1577765.9119914297
NC,Guilford County,000SF4,37081000SF4,1183.3,1697.2,1425423.0589769406,1577327.6306517154
NC,Guilford County,00CG3A,3708100CG3A,845.0,615.5,1436444.666132955,1577877.0957314752
NC,Guilford County,00CG3B,3708100CG3B,1342.8,908.5,1437333.0288926028,1579399.836424048
NC,Guilford County,00FEN1,3708100FEN1,2048.5,796.9,1443966.5793425592,1563679.486890174
NC,Guilford County,00FEN2,3708100FEN2,603.7,952.6,1447387.9362992144,1562260.2395268728
NC,Guilford County,00FR5A,3708100FR5A,844.3,806.8,1425477.2043841782,1573151.0065380852
NC,Guilford County,00FR5B,3708100FR5B,451.6,562.4,1424348.5576155628,1574579.849045173
NC,Guilford County,00G40B,3708100G40B,678.9,523.4,1432232.740831116,1574851.756067439
NC,Guilford County,00G41A,3708100G41A,730.9,481.9,1429356.438572748,1571975.5384429074
NC,Guilford County,00G41B,3708100G41B,780.4,600.8,1430024.2341074327,1572869.691281542
NC,Guilford County,00G42A,3708100G42A,776.7,616.6,1428292.6208704412,1570428.5510098843
NC,Guilford County,00G42B,3708100G42B,405.1,240.6,1430101.5725034722,1570644.4327445962
NC,Guilford County,00H19A,3708100H19A,794.3,110.5,1424521.3939602938,1557473.0029881205
NC,Guilford County,00H19B,3708100H19B,419.8,313.9,1425613.2073369245,1558407.7598406586
NC,Guilford County,00H20A,3708100H20A,533.7,422.8,1422340.6596216094,1558877.5856566275
NC,Guilford County,00H20B,3708100H20B,472.8,489.2,1423784.2439755225,1559131.450475591
NC,Guilford County,00H29A,3708100H29A,1035.1,574.0,1426560.7702489235,1562155.0890250455
NC,Guilford County,00H29B,3708100H29B,1238.5,695.8,1426325.1546438169,1565162.1627872416
NC,Guilford County,00JAM1,3708100JAM1,1065.6,1196.1,1428408.5464773932,1559578.1421040625
NC,Guilford County,00JAM2,3708100JAM2,783.8,749.0,1429255.2822117775,1561847.7480807418
NC,Guilford County,00JAM3,3708100JAM3,784.4,816.0,1432470.7526827639,1562332.851384324
NC,Guilford County,00JAM4,3708100JAM4,755.1,1235.7,1432046.3971244313,1558293.4234363341
NC,Guilford County,00JAM5,3708100JAM5,292.1,793.8,1431282.784376338,1553035.7388207475
NC,Guilford County,00JEF1,3708100JEF1,1138.8,1126.2,1450276.2639430582,1576106.0557509833
NC,Guilford County,00JEF2,3708100JEF2,1339.1,679.6,1448794.5684652363,1571235.0691029825
NC,Guilford County,00JEF3,3708100JEF3,2376.9,449.2,1446215.6230773123,1567377.7020915512
NC,Guilford County,00JEF4,3708100JEF4,930.1,766.4,1451842.4303968137,1568128.0916292616
NC,Guilford County,00MON1,3708100MON1,1367.1,582.1,1444707.7639936768,1577691.902984867
NC,Guilford County,00MON3,3708100MON3,1316.4,2082.1,1441142.3677994206,1586187.7112110476
NC,Guilford County,00NDRI,3708100NDRI,573.9,1463.3,1420585.9034960885,1571775.2499564097
NC,Guilford County,00NMAD,3708100NMAD,1036.8,984.4,1448701.982157487,1587235.7780317778
NC,Guilford County,00SDRI,3708100SDRI,1808.6,2465.5,1420765.687427914,1566198.2256796828
NC,Guilford County,00SMAD,3708100SMAD,889.9,1034.2,1449298.5822680076,1581170.9315697951
NC,Guilford County,00STOK,3708100STOK,942.2,2215.0,1419799.5107213464,1584623.717713622
NC,Guilford County,00SUM1,3708100SUM1,1126.9,512.4,1435802.2964969387,1560767.885618229
NC,Guilford County,00SUM2,3708100SUM2,1084.9,507.8,1440494.771046663,1559592.8601143078
NC,Guilford County,00SUM3,3708100SUM3,272.5,696.2,1437115.4427845664,1558230.9170944707
NC,Guilford County,00SUM4,3708100SUM4,334.8,1220.8,1438535.5213363783,1554173.8526577093
NC,Guilford County,0G40A1,370810G40A1,736.0,587.4,1431339.0412552995,1573378.6408243873
NC,Guilford County,0G40A2,370810G40A2,586.6,330.4,1430885.8315175127,1575231.3500006436
NC,Guilford County,0H27-A,370810H27-A,884.7,787.4,1422929.8027407133,1563073.4177438135
NC,Guilford County,0H27-B,370810H27-B,812.4,707.2,1423719.8924150653,1563676.6196961873
NC,Guilford County,0MON2A,370810MON2A,1762.5,547.1,1441838.1701732406,1580752.3756563345
NC,Guilford County,0MON2B,370810MON2B,957.2,420.6,1445055.981107251,1581215.737814548
NC,Guilford County,0NCGR1,370810NCGR1,1045.3,1554.0,1434772.501990141,1582581.9165063088
NC,Guilford County,0NCGR2,370810NCGR2,647.3,1243.6,1433290.2108641458,1586505.4437990405
NC,Guilford County,0NWASH,370810NWASH,183.3,726.2,1455824.6193697022,1588353.767620478
NC,Guilford County,0SCLAY,370810SCLAY,377.0,1228.3,1453223.2032256795,1556555.460221377
NC,Guilford County,0SWASH,370810SWASH,191.1,631.6,1457131.791034563,1582142.465545639
NC,Guilford County,NCLAY1,37081NCLAY1,832.4,1175.2,1449553.7120825283,1562218.9811449642
NC,Guilford County,NCLAY2,37081NCLAY2,341.4,829.1,1452969.3109743197,1562983.2627153709
NC,Halifax County,0000SN,370830000SN,1395.9,442.5,1646703.8376646433,1618472.0633405866
NC,Halifax County,000HAL,37083000HAL,759.1,228.5,1630274.206118044,1630757.380425724
NC,Halifax County,000HOL,37083000HOL,1227.9,210.5,1601358.104497905,1619573.733931785
NC,Halifax County,000HPR,37083000HPR,413.5,239.8,1649413.7753024425,1610510.5548304673
NC,Halifax County,000RRC,37083000RRC,640.9,870.3,1619419.4229577922,1645449.4419260684
NC,Halifax County,00CONC,3708300CONC,185.3,56.4,1639611.0964422103,1624572.2769436706
NC,Halifax County,00ENF1,3708300ENF1,1327.3,221.3,1618788.16585403,1619154.2362004318
NC,Halifax County,00RR-3,3708300RR-3,236.0,455.3,1617752.1176864821,1647775.8895062127
NC,Halifax County,00RR-4,3708300RR-4,269.1,569.5,1619620.867303584,1647246.6626879906
NC,Halifax County,00RR-5,3708300RR-5,216.2,322.2,1617920.9543021764,1646674.3918701229
NC,Halifax County,00RR-7,3708300RR-7,457.9,156.2,1616927.6611549864,1645536.8145374884
NC,Halifax County,00RR-9,3708300RR-9,1555.5,545.6,1613776.7596917055,1642791.9158388174
NC,Halifax County,0BUTWD,370830BUTWD,173.9,114.2,1603555.7146705396,1631847.896856573
NC,Halifax County,0ENF-2,370830ENF-2,866.9,91.1,1630798.506210554,1615273.113102346
NC,Halifax County,0FAUCT,370830FAUCT,418.7,421.1,1614859.9626759768,1631470.3342193167
NC,Halifax County,0LIT-1,370830LIT-1,706.1,330.0,1603617.3323965673,1639368.1979796095
NC,Halifax County,0LIT-2,370830LIT-2,632.9,583.8,1601896.4767979058,1645637.0752401527
NC,Halifax County,0RINGW,370830RINGW,700.8,102.4,1608767.8305972703,1616409.826848683
NC,Halifax County,0RR-10,370830RR-10,829.9,1030.5,1620835.9790486544,1645242.0064592394
NC,Halifax County,0RR-11,370830RR-11,802.1,1055.5,1612777.6852552625,1646341.9412828553
NC,Halifax County,0RR1-2,370830RR1-2,386.6,450.8,1618959.5132638565,1648457.1523836206
NC,Halifax County,0WEL-3,370830WEL-3,1125.4,392.4,1620389.93901629,1639959.684218447
NC,Halifax County,WEL1-2,37083WEL1-2,737.6,183.3,1625892.2752688853,1642346.535501726
NC,Harnett County,00PR01,3708500PR01,2676.6,3320.7,1531591.0151609152,1495739.9804372792
NC,Harnett County,00PR07,3708500PR07,3422.1,4386.5,1520590.1934156066,1499942.024028411
NC,Harnett County,00PR08,3708500PR08,2034.9,3063.3,1543016.8433267914,1522549.969932083
NC,Harnett County,00PR16,3708500PR16,1616.3,1997.3,1514851.9620886997,1491541.8714486687
NC,Harnett County,00PR20,3708500PR20,1142.1,919.0,1544239.8771575184,1500294.0038231357
NC,Harnett County,00PR23,3708500PR23,1395.5,2356.8,1527211.2520015643,1510837.4595655184
NC,Harnett County,00PR24,3708500PR24,1362.1,3234.8,1552685.5930302886,1514301.27793975
NC,Harnett County,00PR25,3708500PR25,1239.0,1217.1,1561094.7469265012,1504187.421442859
NC,Harnett County,00PR26,3708500PR26,1137.8,2065.9,1553832.3279999497,1502788.5891998762
NC,Harnett County,00PR28,3708500PR28,1409.6,3131.4,1531616.5309164047,1522554.7032430272
NC,Harnett County,00PR29,3708500PR29,1399.5,2037.5,1558513.4260254714,1507380.301199052
NC,Harnett County,00PR31,3708500PR31,828.7,648.0,1541697.4930522686,1507741.3087180953
NC,Harnett County,00PR32,3708500PR32,1098.5,1737.4,1543605.839754133,1514755.9162333298
NC,Haywood County,00000P,3708700000P,563.3,1383.6,1175358.020537824,1460045.1358101803
NC,Haywood County,0000AC,370870000AC,619.5,921.0,1166566.0077140355,1453528.795741123
NC,Haywood County,0000BC,370870000BC,13.4,16.2,1151539.0980414364,1480168.2295031035
NC,Haywood County,0000CE,370870000CE,62.5,242.3,1174201.612590127,1449654.4295179343
NC,Haywood County,0000CR,370870000CR,480.6,679.2,1171577.7261204983,1476204.0617143463
NC,Haywood County,0000EF,370870000EF,240.7,635.9,1182698.9806893128,1453801.9699881028
NC,Haywood County,0000HA,370870000HA,295.6,371.5,1165127.7903321185,1459673.4907794707
NC,Haywood County,0000ID,370870000ID,320.1,408.8,1166505.430602896,1472347.8906569115
NC,Haywood County,0000IH,370870000IH,1116.9,1736.5,1156367.8548748442,1463350.5605908644
NC,Haywood County,0000JC,370870000JC,910.1,1389.6,1161162.4683369496,1471051.0372106866
NC,Haywood County,0000LJ,370870000LJ,739.5,673.4,1167647.3137564012,1466749.8176411015
NC,Haywood County,0000PC,370870000PC,220.7,600.8,1179435.73416222,1463323.0493646932
NC,Haywood County,0000SA,370870000SA,621.1,885.6,1161056.0020414463,1457031.1965907512
NC,Haywood County,0000WC,370870000WC,260.8,210.3,1166987.5906033788,1462038.736398787
NC,Haywood County,0000WE,370870000WE,542.4,592.3,1169907.993599106,1462467.5898336577
NC,Haywood County,0000WO,370870000WO,89.9,133.2,1160936.0961522409,1479302.0093445117
NC,Haywood County,0000WW,370870000WW,526.9,671.7,1165519.4705255623,1463809.5784618899
NC,Haywood County,00BE-1,3708700BE-1,286.3,597.9,1177095.956209112,1466953.2245999337
NC,Haywood County,00BE-2,3708700BE-2,338.2,526.5,1176402.8643790034,1471346.2491146668
NC,Haywood County,00BE-3,3708700BE-3,469.6,893.8,1179503.595571383,1474139.4478853252
NC,Haywood County,00BE-4,3708700BE-4,427.1,774.3,1182816.3894743707,1471723.8154102964
NC,Haywood County,00BE-7,3708700BE-7,238.3,641.8,1182611.444111333,1465321.0573252481
NC,Haywood County,00BE56,3708700BE56,557.2,705.1,1181359.455698599,1467723.4677527493
NC,Haywood County,00CL-N,3708700CL-N,588.6,925.8,1172446.7737805105,1468997.2076962267
NC,Haywood County,00CL-S,3708700CL-S,689.8,1071.1,1173066.4374386882,1465874.4083474474
NC,Haywood County,00FC-1,3708700FC-1,196.1,348.0,1163822.1938896666,1487131.0178810614
NC,Haywood County,00FC-2,3708700FC-2,40.2,78.3,1165189.486150777,1478995.6871720965
NC,Haywood County,00WS-1,3708700WS-1,778.9,834.0,1163028.7776926968,1460980.4720400507
NC,Haywood County,00WS-2,3708700WS-2,623.2,637.5,1168285.7536278274,1459519.128752021
NC,Henderson County,0000AR,370890000AR,460.1,667.7,1218531.0450209472,1446293.2639756803
NC,Henderson County,0000AT,370890000AT,953.1,1616.9,1212428.8183906483,1443767.6534377884
NC,Henderson County,0000BC,370890000BC,315.3,447.6,1227749.600835848,1465840.5068230033
NC,Henderson County,0000BK,370890000BK,422.5,542.1,1209951.0290466105,1458379.1419734925
NC,Henderson County,0000CB,370890000CB,293.5,627.6,1208533.6551964146,1437511.7700880591
NC,Henderson County,0000CC,370890000CC,972.9,1814.7,1219729.0796100644,1457770.6876945489
NC,Henderson County,0000ED,370890000ED,616.3,1379.8,1226168.6707913454,1460337.3580933672
NC,Henderson County,0000EF,370890000EF,585.7,1165.6,1221935.2013137764,1444674.2993775364
NC,Henderson County,0000ES,370890000ES,608.9,1017.7,1205676.6343577346,1444055.6189098365
NC,Henderson County,0000EV,370890000EV,708.2,1361.8,1203106.4903488716,1448767.1310168423
NC,Henderson County,0000FL,370890000FL,1457.7,1750.3,1210501.4311050079,1461369.9729939087
NC,Henderson County,0000FR,370890000FR,1176.6,1503.6,1217835.5156463927,1443635.9022946137
NC,Henderson County,0000GM,370890000GM,352.2,556.7,1214645.5812920542,1454338.5348464774
NC,Henderson County,0000GR,370890000GR,505.0,1421.1,1216210.738941028,1436094.833598264
NC,Henderson County,0000HC,370890000HC,907.8,1610.6,1216491.5382632895,1462642.7256074252
NC,Henderson County,0000HS,370890000HS,756.0,1099.1,1208120.3369760418,1449027.4366801705
NC,Henderson County,0000LJ,370890000LJ,746.4,913.6,1210595.5500643877,1452382.3274462346
NC,Henderson County,0000LP,370890000LP,776.2,697.6,1212630.714361049,1447860.646277566
NC,Henderson County,0000MG,370890000MG,274.0,497.9,1218778.823353124,1450947.036673198
NC,Henderson County,0000NB,370890000NB,843.0,1909.2,1224086.5818065717,1453758.9548434392
NC,Henderson County,0000NE,370890000NE,578.6,764.0,1216700.203750068,1453278.6690803755
NC,Henderson County,0000NM,370890000NM,900.0,1440.3,1198985.081990693,1458054.2273319406
NC,Henderson County,0000NW,370890000NW,659.4,822.4,1213295.6732630844,1452611.8977128174
NC,Henderson County,0000PR,370890000PR,738.5,1231.1,1213956.7581113474,1457330.875739221
NC,Henderson County,0000PV,370890000PV,721.5,977.8,1211528.5210859245,1450223.167486596
NC,Henderson County,0000RG,370890000RG,684.3,1151.5,1210539.896101765,1455033.4097051786
NC,Henderson County,0000RR,370890000RR,283.3,462.6,1225851.1365020997,1441057.244155511
NC,Henderson County,0000SB,370890000SB,607.3,1576.7,1224700.4938394001,1449162.509647404
NC,Henderson County,0000SE,370890000SE,346.1,589.2,1219146.5367294813,1448423.095233865
NC,Henderson County,0000SM,370890000SM,926.6,1837.8,1201238.427291839,1452932.6253591639
NC,Henderson County,0000SW,370890000SW,771.5,1075.1,1215042.0619371496,1446408.709694283
NC,Henderson County,00HV-1,3708900HV-1,995.5,843.2,1214720.8477824794,1450269.2937891986
NC,Henderson County,00HV-2,3708900HV-2,1142.5,974.8,1217134.2273704137,1449698.665440785
NC,Henderson County,00HV-3,3708900HV-3,1066.7,835.5,1215835.848335988,1448203.4158809797
NC,Hertford County,0000A1,370910000A1,1005.5,384.7,1681033.0906822407,1642116.2712542752
NC,Hertford County,0000A2,370910000A2,768.5,566.4,1682261.9149618857,1637136.3447533236
NC,Hertford County,0000A3,370910000A3,800.4,63.9,1684805.0906482795,1641737.312569365
NC,Hertford County,0000BR,370910000BR,232.8,53.9,1671172.5771764051,1659332.3858343805
NC,Hertford County,0000CM,370910000CM,143.9,142.8,1674514.9191624806,1663811.1001769926
NC,Hertford County,0000CO,370910000CO,309.1,100.5,1689055.1836440586,1649010.697389483
NC,Hertford County,0000HV,370910000HV,326.0,268.1,1697184.9472262873,1643539.7599369101
NC,Hertford County,0000M1,370910000M1,1247.8,425.7,1667991.9800602063,1655173.053230234
NC,Hertford County,0000M2,370910000M2,581.2,217.6,1671797.5799379398,1651856.1336558056
NC,Hertford County,0000ML,370910000ML,117.0,280.3,1669128.8970777367,1633914.5164031729
NC,Hertford County,0000SJ,370910000SJ,349.7,154.9,1668456.9440550706,1640933.3099669253
NC,Hertford County,0000UN,370910000UN,417.2,231.2,1675971.3682574017,1644774.9209877306
NC,Hertford County,0000WN,370910000WN,636.0,232.4,1680929.4437170022,1650404.4366182787
NC,Hoke County,000001,37093000001,109.2,129.4,1507315.5452323314,1444524.310500394
NC,Hoke County,000002,37093000002,660.7,458.0,1514163.4610655988,1448445.252604023
NC,Hoke County,000003,37093000003,352.3,195.4,1504409.9779385892,1452662.5497985366
NC,Hoke County,000004,37093000004,307.7,387.5,1493860.9443623389,1461470.2851940067
NC,Hoke County,000005,37093000005,514.4,516.8,1501586.088124532,1469100.1663201067
NC,Hoke County,000012,37093000012,977.3,1416.6,1524591.4378705646,1460464.4868375207
NC,Hoke County,000013,37093000013,339.9,540.5,1519976.8986543869,1454746.6273341351
NC,Hoke County,000014,37093000014,1549.0,863.1,1513552.7621123984,1473372.4876833602
NC,Hoke County,000015,37093000015,986.5,591.7,1517878.4968080702,1460894.7789804323
NC,Hoke County,000061,37093000061,663.6,338.9,1512570.829198199,1457417.7202147439
NC,Hoke County,000062,37093000062,378.4,267.8,1510549.8350642622,1458169.8694960123
NC,Hoke County,000063,37093000063,1418.6,551.7,1512229.8659492286,1462460.7739344847
NC,Hoke County,000064,37093000064,749.7,563.9,1507318.060255844,1458229.66347048
NC,Hoke County,000065,37093000065,483.0,20.3,1510231.4691415243,1460077.2337939823
NC,Hoke County,00006B,3709300006B,1350.7,1264.2,1520820.4154182686,1463415.8712510965
NC,Hyde County,0000BM,370950000BM,29.6,192.2,1743136.8893504592,1578298.8121011243
NC,Hyde County,0000FF,370950000FF,85.0,141.6,1764117.9507562343,1574156.7313309745
NC,Hyde County,0000LL,370950000LL,175.4,157.2,1787987.3881289705,1553631.6055070031
NC,Hyde County,0000SQ,370950000SQ,131.7,216.4,1764199.0602239221,1547008.9416270677
NC,Hyde County,000ENG,37095000ENG,137.3,194.8,1784990.4658837663,1579253.1296355366
NC,Hyde County,000OCK,37095000OCK,405.0,178.5,1803083.912926098,1534005.2920682414
NC,Hyde County,00SLAD,3709500SLAD,92.3,147.7,1744704.7096326235,1558097.6602200598
NC,Iredell County,0000BA,370970000BA,979.1,2594.8,1356031.0905756785,1510265.4843118293
NC,Iredell County,0000BE,370970000BE,1131.6,2696.4,1348126.724867066,1530168.0572694074
NC,Iredell County,0000CD,370970000CD,804.9,2381.9,1339093.8628085486,1527454.6529460757
NC,Iredell County,0000CS,370970000CS,605.1,1369.5,1357375.292212797,1530523.9104443055
NC,Iredell County,0000EM,370970000EM,183.3,713.4,1356378.2785462418,1548682.3695467755
NC,Iredell County,0000FT,370970000FT,1663.8,3978.6,1346246.2362948454,1510468.2891251969
NC,Iredell County,0000NH,370970000NH,159.1,738.5,1338041.0510170723,1546615.0983853117
NC,Iredell County,0000OL,370970000OL,222.9,798.2,1348001.4086722448,1537965.7395452242
NC,Iredell County,0000SB,370970000SB,317.9,1359.2,1338981.951013353,1536657.6923020175
NC,Iredell County,0000TB,370970000TB,527.6,1187.9,1357133.8086024406,1539343.2877708848
NC,Iredell County,0000UG,370970000UG,201.8,879.7,1347079.5758894358,1547644.8924956648
NC,Iredell County,000CC1,37097000CC1,1775.4,2869.2,1360734.3544819353,1497245.719072606
NC,Iredell County,000CC2,37097000CC2,1786.0,2498.0,1356825.7457950774,1504054.7193320424
NC,Iredell County,000CC3,37097000CC3,2386.2,3920.1,1362682.572021043,1499626.8733231472
NC,Iredell County,000CC4,37097000CC4,1794.2,3205.0,1358137.632670695,1496653.3084065518
NC,Iredell County,000ST1,37097000ST1,1233.8,1674.5,1352836.616940313,1524210.2994926265
NC,Iredell County,000ST2,37097000ST2,1029.3,1079.6,1349956.326483857,1524737.643232506
NC,Iredell County,000ST3,37097000ST3,1273.8,1011.9,1345892.3394117316,1518783.8385419534
NC,Iredell County,000ST4,37097000ST4,1031.4,1187.6,1346576.3765982902,1524075.7800217576
NC,Iredell County,000ST5,37097000ST5,1165.7,1042.1,1345170.6938957921,1522272.8028044738
NC,Iredell County,000ST6,37097000ST6,1329.2,1017.1,1349722.5277886284,1518541.2535866122
NC,Iredell County,00CH-A,3709700CH-A,672.2,1136.0,1357598.2741319023,1523370.7609586592
NC,Iredell County,00CH-B,3709700CH-B,577.0,1391.2,1356760.178207979,1516941.3529819401
NC,Iredell County,00SH-A,3709700SH-A,521.5,1718.8,1335276.0033741812,1520408.123150195
NC,Iredell County,00SH-B,3709700SH-B,476.1,1791.7,1338493.3010228695,1515478.7983049008
NC,Iredell County,0DV1-A,370970DV1-A,2145.8,4521.8,1350897.1403043012,1503043.428899505
NC,Iredell County,0DV1-B,370970DV1-B,2264.4,5246.9,1348891.0902870882,1494828.9735673375
NC,Iredell County,0DV2-A,370970DV2-A,831.2,2094.8,1353074.4523566377,1497424.1888590145
NC,Iredell County,0DV2-B,370970DV2-B,1421.3,2468.2,1355026.7782167478,1494750.964912009
NC,Jackson County,000BCK,37099000BCK,328.9,617.3,1141644.787121832,1447384.9461944462
NC,Jackson County,000CAN,37099000CAN,99.4,242.4,1169667.9229758352,1433015.377197758
NC,Jackson County,000CAS,37099000CAS,487.1,891.3,1164631.0767940187,1415110.8871175006
NC,Jackson County,000CFK,37099000CFK,180.8,248.0,1163266.448569908,1442678.2027124779
NC,Jackson County,000CUL,37099000CUL,2403.7,1623.6,1152580.2083719496,1438023.9316427878
NC,Jackson County,000GCK,37099000GCK,350.1,442.1,1142072.087238239,1439938.9790941612
NC,Jackson County,000GLV,37099000GLV,379.7,824.2,1157578.261780797,1425323.3797673585
NC,Jackson County,000QUA,37099000QUA,1069.1,1071.1,1143545.3084219748,1455604.2024090562
NC,Jackson County,000RIV,37099000RIV,225.3,335.6,1158688.1169606806,1434585.6902714586
NC,Jackson County,000SAV,37099000SAV,322.3,524.7,1144685.1652792294,1434340.9552037662
NC,Jackson County,000SCC,37099000SCC,501.9,698.5,1157059.2495616514,1451276.2778302792
NC,Jackson County,000SDC,37099000SDC,2079.0,1879.5,1148393.9228189646,1447280.8627965956
NC,Jackson County,000WEB,37099000WEB,784.8,691.4,1148000.3066927176,1441231.0288526309
NC,Johnston County,00PR04,3710100PR04,301.6,576.7,1586295.4485182934,1513629.6075856378
NC,Johnston County,00PR07,3710100PR07,521.6,1537.0,1595675.3817622503,1527863.937128083
NC,Johnston County,00PR08,3710100PR08,292.6,1204.0,1590002.314383494,1523807.3021290922
NC,Johnston County,00PR09,3710100PR09,1644.5,2350.2,1570358.126598734,1541290.6707908695
NC,Johnston County,00PR13,3710100PR13,617.2,1512.0,1563616.7370448287,1526480.0199338812
NC,Johnston County,00PR14,3710100PR14,392.1,1483.5,1563958.758041147,1520762.6363596513
NC,Johnston County,00PR19,3710100PR19,325.4,918.1,1589433.0938268206,1540122.0894985932
NC,Johnston County,00PR20,3710100PR20,932.1,1523.5,1581661.7362010719,1557573.444100452
NC,Johnston County,00PR21,3710100PR21,434.6,1596.9,1584425.309379943,1549176.8381804721
NC,Johnston County,00PR22,3710100PR22,673.8,1590.1,1587865.4799494825,1533298.1057071704
NC,Johnston County,00PR24,3710100PR24,891.4,563.2,1583470.1257336389,1536490.975432752
NC,Johnston County,00PR25,3710100PR25,904.5,778.8,1581158.3566725985,1540042.8751608937
NC,Johnston County,00PR26,3710100PR26,1014.7,569.3,1581880.941335068,1527174.1276565227
NC,Johnston County,00PR28,3710100PR28,1082.5,1689.4,1572632.9255377261,1528735.8408074062
NC,Johnston County,00PR30,3710100PR30,1266.7,1542.3,1575662.5143412065,1538201.900294576
NC,Johnston County,00PR32,3710100PR32,783.9,1469.2,1575682.2257527646,1554016.0846612873
NC,Johnston County,00PR33,3710100PR33,784.2,2204.6,1554361.435655645,1524486.3422898063
NC,Johnston County,00PR34,3710100PR34,2391.2,2147.9,1566077.1183618219,1538704.5695482607
NC,Johnston County,00PR35,3710100PR35,1002.5,2410.6,1564950.999707879,1513265.3041046837
NC,Johnston County,00PR36,3710100PR36,590.0,1497.6,1594366.0219718318,1543068.9544200792
NC,Johnston County,00PR37,3710100PR37,884.1,2065.6,1576501.6238976337,1518704.5162855175
NC,Johnston County,00PR38,3710100PR38,283.8,1243.4,1574485.4592548162,1506824.1466059368
NC,Johnston County,0PR10A,371010PR10A,1319.1,889.7,1566787.561545744,1545034.3297560941
NC,Johnston County,0PR10B,371010PR10B,920.0,1332.2,1564129.0782472137,1547557.6090701986
NC,Johnston County,0PR11A,371010PR11A,967.6,1220.7,1562615.0862768213,1539006.5854458539
NC,Johnston County,0PR11B,371010PR11B,1549.0,1672.6,1561641.415468382,1543406.998641732
NC,Johnston County,0PR12A,371010PR12A,1626.7,2030.4,1558248.4133904842,1539507.9602113166
NC,Johnston County,0PR12B,371010PR12B,1590.1,2093.9,1563905.2954461647,1534126.0933521723
NC,Johnston County,0PR23A,371010PR23A,1041.7,2132.9,1557020.0519579705,1529966.0953470145
NC,Johnston County,0PR23B,371010PR23B,843.6,1629.4,1551117.981480415,1529451.824339737
NC,Johnston County,0PR27A,371010PR27A,700.3,606.3,1578886.9339861628,1532471.3628871895
NC,Johnston County,0PR27B,371010PR27B,937.3,1180.9,1572535.5787489817,1533960.2398881947
NC,Johnston County,0PR29A,371010PR29A,1656.9,2837.2,1569507.2955821059,1551380.9898207006
NC,Johnston County,0PR29B,371010PR29B,3129.1,4421.7,1574249.5915188505,1546622.3990164339
NC,Johnston County,0PR31A,371010PR31A,824.7,1414.3,1562730.0315721713,1531952.739056998
NC,Johnston County,0PR31B,371010PR31B,1834.1,2642.0,1555525.6508350733,1534746.630466257
NC,Jones County,000P01,37103000P01,192.1,291.9,1665832.6476133368,1508777.2584863922
NC,Jones County,000P02,37103000P02,80.3,287.3,1662813.0679864013,1500473.594990958
NC,Jones County,000P03,37103000P03,77.6,292.2,1664077.587282385,1490546.631829225
NC,Jones County,000P04,37103000P04,575.8,848.2,1689647.5537514884,1495645.978203377
NC,Jones County,000P05,37103000P05,664.4,476.8,1675268.3932181152,1496774.4099966493
NC,Jones County,000P06,37103000P06,102.2,330.0,1653025.0697346674,1490505.8512268155
NC,Jones County,000P07,37103000P07,464.9,402.9,1692770.3608581002,1482621.8541182382
NC,Lee County,0000A1,371050000A1,1880.5,1331.9,1505644.556110522,1509623.4514802834
NC,Lee County,0000A2,371050000A2,2242.1,1026.3,1508509.8996203055,1516195.219045997
NC,Lee County,0000B1,371050000B1,579.9,1010.1,1508551.632467572,1525742.6566952579
NC,Lee County,0000B2,371050000B2,864.9,723.8,1504498.5512716162,1518224.1197161442
NC,Lee County,0000C1,371050000C1,1196.6,1840.6,1507531.5056488751,1501979.428574548
NC,Lee County,0000C2,371050000C2,900.3,1904.3,1499559.8665480278,1505301.7291332283
NC,Lee County,0000D1,371050000D1,1178.4,1952.8,1495126.2314851996,1513084.0788638208
NC,Lee County,0000D2,371050000D2,1236.0,1764.4,1500934.0412330506,1518459.0323283568
NC,Lee County,0000E1,371050000E1,659.8,1222.7,1516311.7216156342,1518346.603226176
NC,Lee County,0000E2,371050000E2,1324.8,1322.6,1511471.1016832932,1510343.2396913173
NC,Lenoir County,00000C,3710700000C,817.7,1028.7,1657051.6576156823,1529278.1867142764
NC,Lenoir County,00000I,3710700000I,400.1,832.8,1637775.621054767,1522233.951713706
NC,Lenoir County,00000N,3710700000N,793.2,1484.4,1646239.5942667304,1510078.2160008624
NC,Lenoir County,00000V,3710700000V,814.2,677.3,1648341.121659197,1525237.4130588833
NC,Lenoir County,00000W,3710700000W,164.6,696.0,1651561.7875715245,1503350.889060284
NC,Lenoir County,0000FC,371070000FC,957.7,2025.0,1642212.7759915546,1515559.490093797
NC,Lenoir County,0000K1,371070000K1,457.9,12.3,1652044.2175993675,1515499.3417456963
NC,Lenoir County,0000K2,371070000K2,540.3,25.7,1651778.204957728,1517114.1535511934
NC,Lenoir County,0000K3,371070000K3,700.3,192.7,1649703.51105894,1517004.271181035
NC,Lenoir County,0000K4,371070000K4,1008.0,895.3,1648286.7673311532,1518518.941004468
NC,Lenoir County,0000K5,371070000K5,748.4,217.4,1650262.788881609,1518260.149690928
NC,Lenoir County,0000K6,371070000K6,1163.2,173.5,1652544.8105114407,1520828.7265438293
NC,Lenoir County,0000K7,371070000K7,1007.3,231.5,1655428.9355830115,1519882.516802867
NC,Lenoir County,0000K8,371070000K8,658.5,18.7,1653129.40206833,1516535.2260622608
NC,Lenoir County,0000K9,371070000K9,1012.9,464.0,1648118.1279606887,1520200.0550360372
NC,Lenoir County,0000MH,371070000MH,1296.4,1296.4,1632737.6402605798,1516481.6741474555
NC,Lenoir County,0000SH,371070000SH,67.8,238.6,1660720.5983109246,1520416.5940368164
NC,Lenoir County,0000SW,371070000SW,191.8,586.7,1655844.6649682291,1510813.6634906512
NC,Lenoir County,0000T1,371070000T1,190.4,763.6,1642356.1847930804,1500768.4402450423
NC,Lenoir County,0000T2,371070000T2,136.3,573.8,1634721.339139915,1505819.6105502062
NC,Lenoir County,000PH1,37107000PH1,105.8,377.2,1647603.1226832832,1494631.3040343975
NC,Lenoir County,000PH2,37107000PH2,164.1,685.7,1642992.7099143032,1491565.9563715353
NC,Lincoln County,00AS25,3710900AS25,490.6,1270.3,1326542.3820497133,1485327.0941931356
NC,Lincoln County,00BC13,3710900BC13,481.2,588.1,1323250.0127875623,1484777.2752152432
NC,Lincoln County,00BS26,3710900BS26,508.0,1029.9,1326320.8812617066,1489449.1929338945
NC,Lincoln County,00CF19,3710900CF19,379.0,1006.3,1346997.4550612168,1484246.5830928392
NC,Lincoln County,00DN29,3710900DN29,572.0,1651.2,1342858.377812101,1493122.763009268
NC,Lincoln County,00DV08,3710900DV08,439.1,1483.8,1311532.9844372382,1487141.0559883425
NC,Lincoln County,00DW28,3710900DW28,576.9,1638.4,1338742.3570073813,1488549.5170100115
NC,Lincoln County,00HC33,3710900HC33,623.3,1811.4,1314111.3868471913,1479555.9129767271
NC,Lincoln County,00IS20,3710900IS20,261.4,989.5,1333020.4111663762,1479082.5992956215
NC,Lincoln County,00IS23,3710900IS23,567.7,1341.6,1331713.4306029126,1482964.0465015003
NC,Lincoln County,00LB34,3710900LB34,474.4,1471.0,1321722.1639240955,1478192.079610365
NC,Lincoln County,00LI14,3710900LI14,360.1,739.3,1323830.803625491,1481247.9317587723
NC,Lincoln County,00LN11,3710900LN11,541.5,558.6,1321072.0644759487,1483108.8251101768
NC,Lincoln County,00LS12,3710900LS12,563.9,623.9,1321603.8068947876,1481347.0241109477
NC,Lincoln County,00LW18,3710900LW18,249.0,580.5,1339459.1840181774,1480529.7875047857
NC,Lincoln County,00LW31,3710900LW31,932.9,2001.8,1344897.5253920977,1480657.7445481373
NC,Lincoln County,00NB35,3710900NB35,577.1,2204.2,1303653.6769754062,1482040.5072891198
NC,Lincoln County,00OB21,3710900OB21,356.2,1360.9,1331564.523408534,1487197.6469343912
NC,Lincoln County,00PC22,3710900PC22,401.6,1385.2,1332752.3833722067,1490651.5199723316
NC,Lincoln County,00SL24,3710900SL24,341.1,953.8,1326985.9578587695,1479474.839519682
NC,Lincoln County,00ST36,3710900ST36,691.4,1534.3,1320693.5126682634,1488397.4585638037
NC,Lincoln County,00TA37,3710900TA37,763.9,1850.9,1344259.7021584488,1486090.1682894928
NC,Lincoln County,00WP32,3710900WP32,1265.5,2811.8,1344534.332817824,1489867.627685451
NC,McDowell County,00NEBO,3711100NEBO,511.4,1357.9,1258059.893225551,1500459.7612782887
NC,McDowell County,0MAR-1,371110MAR-1,627.7,1357.2,1250920.8465903476,1502641.923797714
NC,McDowell County,0MAR-2,371110MAR-2,509.1,481.6,1251100.980516473,1494663.850413954
NC,McDowell County,0MAR-3,371110MAR-3,181.0,416.0,1252844.5708814773,1498603.3863038104
NC,McDowell County,0MAR-4,371110MAR-4,221.0,436.6,1253901.4763231038,1495633.2386331607
NC,McDowell County,0MAR-5,371110MAR-5,221.6,444.1,1248705.9531929712,1495590.070484769
NC,McDowell County,CCREEK,37111CCREEK,502.2,1143.2,1237581.919185202,1481286.198696137
NC,McDowell County,DYSART,37111DYSART,389.2,1196.1,1263667.7247026968,1489277.9433913094
NC,McDowell County,FORT-1,37111FORT-1,303.2,676.7,1233205.838367026,1491985.3327967797
NC,McDowell County,FORT-2,37111FORT-2,335.3,740.4,1235037.2675262163,1485651.3226505655
NC,McDowell County,GLENWD,37111GLENWD,294.3,1001.3,1256279.2855141836,1485053.5138117522
NC,McDowell County,HIGGIN,37111HIGGIN,272.2,894.6,1257750.777869479,1493324.095254082
NC,McDowell County,M.COVE,37111M.COVE,259.4,930.0,1246803.8266002878,1482501.3215349966
NC,McDowell County,N.COVE,37111N.COVE,152.8,465.2,1251098.546481336,1516576.5352026236
NC,McDowell County,PLEASA,37111PLEASA,408.4,1131.1,1241291.141270698,1498929.528773602
NC,McDowell County,T.COVE,37111T.COVE,113.1,480.0,1242672.8164987266,1507802.8131472662
NC,McDowell County,WEST-M,37111WEST-M,630.1,1666.5,1247982.5787805936,1491270.0806950338
NC,Macon County,000001,37113000001,636.4,1104.5,1133195.4023967138,1422799.315030366
NC,Macon County,000002,37113000002,340.0,500.0,1134801.5309343396,1420832.3440763578
NC,Macon County,000003,37113000003,539.5,981.9,1138269.7243854092,1419997.1793734732
NC,Macon County,000004,37113000004,371.7,756.9,1131808.2789598724,1425678.925175571
NC,Macon County,000005,37113000005,548.4,1301.7,1133831.3272635215,1416404.605034218
NC,Macon County,000006,37113000006,495.1,1105.5,1142163.2789611926,1428086.5313466631
NC,Macon County,000007,37113000007,464.1,1079.2,1143962.6898823725,1422276.1380995268
NC,Macon County,000008,37113000008,87.2,245.9,1148238.456913245,1417794.6531407952
NC,Macon County,000009,37113000009,716.6,1113.0,1153629.7677119751,1409964.7445270105
NC,Macon County,000010,37113000010,118.3,212.8,1144174.5551971844,1405779.0832718164
NC,Macon County,000011,37113000011,600.4,1387.4,1135563.7804263867,1407663.1145354253
NC,Macon County,000012,37113000012,514.0,964.9,1124104.5718398415,1414344.7086476805
NC,Macon County,000013,37113000013,83.7,338.6,1112708.961197601,1423146.2248759512
NC,Macon County,000014,37113000014,163.5,416.9,1123325.6050937215,1427870.403400843
NC,Macon County,000015,37113000015,464.6,961.8,1133426.4818119043,1433726.2991930388
NC,Madison County,0BEECH,371150BEECH,681.8,1205.1,1205746.636586936,1508079.7664465732
NC,Madison County,0NORTH,371150NORTH,689.6,909.3,1190360.504172709,1501893.722619752
NC,Madison County,0SANDY,371150SANDY,151.5,217.4,1182444.498383876,1489754.146063037
NC,Madison County,0SOUTH,371150SOUTH,344.5,372.7,1184545.9618675513,1495884.868894948
NC,Madison County,EBBS-C,37115EBBS-C,274.3,485.1,1197703.6464304365,1515832.0276164282
NC,Madison County,GRAPEV,37115GRAPEV,292.3,481.9,1194772.5469134585,1507568.17852142
NC,Madison County,HOT-SP,37115HOT-SP,245.8,326.3,1173465.770326559,1508439.933907164
NC,Madison County,LAUREL,37115LAUREL,230.2,391.8,1185854.9759797053,1519472.5167344941
NC,Madison County,MARS-H,37115MARS-H,1215.4,1485.4,1198163.2429373066,1502434.576416655
NC,Madison County,REVERE,37115REVERE,125.8,103.4,1184987.2223179718,1510961.908588022
NC,Madison County,SPRING,37115SPRING,254.7,295.2,1171538.902032457,1494562.8856465023
NC,Madison County,WALNUT,37115WALNUT,384.3,520.9,1181247.9863068073,1502240.959627723
NC,Martin County,00000J,3711700000J,522.3,850.7,1702887.2245042024,1587600.463250883
NC,Martin County,00000W,3711700000W,214.3,447.2,1692481.2724784361,1589834.1906256948
NC,Martin County,0000BG,371170000BG,293.6,883.6,1682347.0211477242,1578973.199788979
NC,Martin County,0000CR,371170000CR,334.6,413.2,1675327.494114265,1582759.7392993371
NC,Martin County,0000GN,371170000GN,324.9,221.4,1658802.0173817778,1600966.5819607074
NC,Martin County,0000GR,371170000GR,221.9,554.6,1693608.148853652,1577466.06181908
NC,Martin County,0000HM,371170000HM,384.1,197.9,1673542.8810992297,1597219.692578293
NC,Martin County,0000HS,371170000HS,130.7,56.1,1663146.080730767,1591909.632994221
NC,Martin County,0000PP,371170000PP,109.4,117.4,1674024.7750859694,1591627.4985065681
NC,Martin County,0000R1,371170000R1,466.4,227.4,1668953.4886767894,1581468.8581793997
NC,Martin County,0000R2,371170000R2,597.9,299.1,1665137.5758421586,1586622.5408385205
NC,Martin County,0000W1,371170000W1,1197.9,836.2,1683307.830359342,1586692.3030101792
NC,Martin County,0000W2,371170000W2,1269.7,682.2,1681184.2848598752,1592198.4637836914
NC,Mecklenburg County,000001,37119000001,782.1,557.3,1364229.7460602475,1458672.2534424406
NC,Mecklenburg County,000002,37119000002,1820.4,638.1,1364281.3469479044,1459456.56300402
NC,Mecklenburg County,000003,37119000003,1306.1,133.4,1370076.1260465274,1464026.8831304729
NC,Mecklenburg County,000004,37119000004,1169.0,344.3,1372567.793735919,1463897.3664419008
NC,Mecklenburg County,000005,37119000005,854.8,173.1,1368363.0905009517,1461504.6553213997
NC,Mecklenburg County,000006,37119000006,1253.4,225.5,1370502.760711265,1459285.729869159
NC,Mecklenburg County,000007,37119000007,1045.4,395.1,1367956.3178998388,1457221.9185129667
NC,Mecklenburg County,000008,37119000008,969.9,968.9,1363442.5426810952,1457214.2654651334
NC,Mecklenburg County,000009,37119000009,2093.7,1016.2,1362325.2487869356,1459102.1215037813
NC,Mecklenburg County,000010,37119000010,1379.0,756.2,1361465.4207590688,1458318.0280852928
NC,Mecklenburg County,000011,37119000011,4272.1,1930.2,1361276.4623923807,1461460.009012327
NC,Mecklenburg County,000012,37119000012,1469.1,178.1,1359814.3356986975,1462850.5094021012
NC,Mecklenburg County,000013,37119000013,1999.3,589.1,1362873.7485139025,1460978.9932778773
NC,Mecklenburg County,000014,37119000014,1847.6,297.4,1364274.2187496696,1462262.9155479465
NC,Mecklenburg County,000015,37119000015,2306.7,669.9,1365422.9053775787,1461225.7767174044
NC,Mecklenburg County,000016,37119000016,2061.9,69.2,1359371.6490440685,1466691.659449481
NC,Mecklenburg County,000017,37119000017,1167.2,132.5,1366412.4946150188,1458510.7878384863
NC,Mecklenburg County,000018,37119000018,691.1,770.9,1364759.191051489,1457657.4738061198
NC,Mecklenburg County,000019,37119000019,748.9,699.7,1363806.1520398601,1454792.973457575
NC,Mecklenburg County,000020,37119000020,1225.2,737.4,1362493.1819421612,1456960.0722432057
NC,Mecklenburg County,000021,37119000021,1141.7,541.2,1361151.9528690486,1457254.4661358465
NC,Mecklenburg County,000022,37119000022,3777.9,1916.4,1360274.9261800742,1458890.9329413504
NC,Mecklenburg County,000023,37119000023,1206.7,229.7,1358339.5361235752,1461057.16696942
NC,Mecklenburg County,000024,37119000024,1600.4,291.9,1358557.9457138851,1462247.2645568873
NC,Mecklenburg County,000025,37119000025,1482.6,40.9,1359900.3277632592,1464637.2474712422
NC,Mecklenburg County,000026,37119000026,2160.1,288.3,1363872.6790492425,1467943.652713195
NC,Mecklenburg County,000027,37119000027,1462.5,145.1,1364354.863239573,1465079.0636210649
NC,Mecklenburg County,000028,37119000028,1299.5,228.8,1366776.827049461,1464023.1799278876
NC,Mecklenburg County,000029,37119000029,1115.8,335.7,1367243.0658290088,1461449.6175443777
NC,Mecklenburg County,000030,37119000030,2073.5,490.4,1365430.6806358867,1463888.9718262095
NC,Mecklenburg County,000031,37119000031,1482.6,95.9,1358357.8155632166,1459182.3875789286
NC,Mecklenburg County,000032,37119000032,786.5,958.9,1364355.5664274609,1456529.8104815132
NC,Mecklenburg County,000033,37119000033,1102.4,303.8,1368832.481827852,1459875.9064394233
NC,Mecklenburg County,000034,37119000034,1371.8,499.4,1368870.2219185631,1458058.5722557215
NC,Mecklenburg County,000035,37119000035,861.4,593.8,1366741.6778694515,1456967.526004266
NC,Mecklenburg County,000036,37119000036,1156.4,879.5,1367885.441382471,1455066.3159251807
NC,Mecklenburg County,000037,37119000037,978.4,721.3,1361325.3347054562,1454401.7546185625
NC,Mecklenburg County,000038,37119000038,1025.2,484.5,1360784.1670884828,1455382.1444523588
NC,Mecklenburg County,000039,37119000039,1490.8,101.3,1354505.240812068,1457818.3622817546
NC,Mecklenburg County,000040,37119000040,1458.2,183.0,1356716.8788522156,1463932.266912146
NC,Mecklenburg County,000041,37119000041,1486.4,168.4,1357613.8071880704,1465273.8140396262
NC,Mecklenburg County,000042,37119000042,1665.4,85.3,1366343.404582335,1466595.2691019075
NC,Mecklenburg County,000043,37119000043,1752.8,218.3,1368392.8866000276,1463832.9310445257
NC,Mecklenburg County,000044,37119000044,986.3,344.7,1366670.6025708772,1462358.7503191093
NC,Mecklenburg County,000045,37119000045,998.0,347.2,1369481.4094529978,1461258.8193221563
NC,Mecklenburg County,000046,37119000046,1557.2,416.7,1366862.392323544,1459964.5975585014
NC,Mecklenburg County,000047,37119000047,1315.9,965.9,1366029.6465923109,1456264.9397982822
NC,Mecklenburg County,000048,37119000048,793.9,910.4,1365907.600376982,1454785.3434628854
NC,Mecklenburg County,000049,37119000049,1192.3,818.8,1362870.4676632744,1454982.1458597293
NC,Mecklenburg County,000050,37119000050,930.0,474.3,1361514.9510392963,1453356.7464970383
NC,Mecklenburg County,000051,37119000051,1367.9,790.9,1361238.1255057098,1456062.2147960751
NC,Mecklenburg County,000052,37119000052,1643.8,110.6,1358633.4954973306,1456592.1368249056
NC,Mecklenburg County,000053,37119000053,1899.8,191.4,1355195.401746019,1460774.955150405
NC,Mecklenburg County,000054,37119000054,1871.5,175.7,1361688.1993529117,1463378.7528315643
NC,Mecklenburg County,000055,37119000055,1035.5,44.9,1360998.3199691395,1465007.228534986
NC,Mecklenburg County,000056,37119000056,869.3,56.7,1362725.435483178,1465455.0982995993
NC,Mecklenburg County,000057,37119000057,975.5,797.9,1363444.2417504848,1452169.2757220464
NC,Mecklenburg County,000058,37119000058,1010.0,729.6,1361497.5350018668,1451082.8827718298
NC,Mecklenburg County,000059,37119000059,631.4,380.6,1361151.4145842388,1452202.4434897734
NC,Mecklenburg County,000060,37119000060,1280.1,90.6,1368776.9175825657,1465648.8400031975
NC,Mecklenburg County,000061,37119000061,1278.6,446.2,1369693.1376791636,1462609.0378844652
NC,Mecklenburg County,000062,37119000062,1145.3,253.4,1372470.5529709826,1459170.414772003
NC,Mecklenburg County,000063,37119000063,1186.2,327.5,1371966.6286909615,1457200.1064443423
NC,Mecklenburg County,000064,37119000064,592.3,253.8,1370410.7062183905,1456659.3967696347
NC,Mecklenburg County,000065,37119000065,692.2,501.3,1369979.4834864985,1454156.9491966532
NC,Mecklenburg County,000066,37119000066,799.0,499.5,1368763.7212405172,1456135.686353644
NC,Mecklenburg County,000067,37119000067,682.5,587.5,1368708.4981447128,1453644.097798094
NC,Mecklenburg County,000068,37119000068,949.7,409.2,1369611.8906982718,1452353.0459013053
NC,Mecklenburg County,000069,37119000069,1690.0,1819.0,1367556.4266000974,1448115.1706874697
NC,Mecklenburg County,000070,37119000070,975.4,925.4,1367806.2952710893,1451259.2216185613
NC,Mecklenburg County,000071,37119000071,731.8,847.5,1366098.1972762793,1453301.9083320785
NC,Mecklenburg County,000072,37119000072,712.0,578.3,1366595.5590897899,1452069.6795209548
NC,Mecklenburg County,000073,37119000073,777.2,617.8,1365000.2941817308,1450325.2268553923
NC,Mecklenburg County,000074,37119000074,1199.7,1161.8,1364302.534300666,1453660.6935427932
NC,Mecklenburg County,000075,37119000075,1338.7,1404.1,1363726.3905581664,1449985.9984729073
NC,Mecklenburg County,000076,37119000076,1297.7,1082.9,1362462.741847872,1450374.0568203547
NC,Mecklenburg County,000077,37119000077,1805.4,233.5,1359391.3464211135,1449256.1549998154
NC,Mecklenburg County,000079,37119000079,1064.4,417.8,1352352.0055722832,1461861.3722200806
NC,Mecklenburg County,000080,37119000080,1717.7,510.0,1351515.2436741327,1464561.504174158
NC,Mecklenburg County,000081,37119000081,2435.2,500.7,1354609.6190059346,1464014.9400262572
NC,Mecklenburg County,000082,37119000082,1919.9,123.1,1367276.5332882202,1466993.9498273192
NC,Mecklenburg County,000083,37119000083,1726.1,681.7,1375327.7997836566,1460546.7674501156
NC,Mecklenburg County,000084,37119000084,1246.2,266.7,1371007.5763870943,1461030.4101820202
NC,Mecklenburg County,000085,37119000085,1259.3,685.1,1371200.0490147385,1453298.024419092
NC,Mecklenburg County,000086,37119000086,762.0,954.2,1366691.7375390937,1449571.6583307455
NC,Mecklenburg County,000087,37119000087,1252.1,859.0,1362779.5351510812,1444063.2906870733
NC,Mecklenburg County,000088,37119000088,1066.2,795.9,1364186.7813580083,1444322.0397461236
NC,Mecklenburg County,000089,37119000089,3152.2,1302.7,1352309.7643188033,1467271.8470978718
NC,Mecklenburg County,000090,37119000090,713.3,622.0,1369927.804160779,1446503.925442495
NC,Mecklenburg County,000091,37119000091,1843.4,1893.1,1372011.122020343,1447387.736854148
NC,Mecklenburg County,000092,37119000092,1249.6,1180.2,1363821.6976618804,1447910.267779588
NC,Mecklenburg County,000093,37119000093,671.0,838.5,1365624.462710082,1447027.2560843667
NC,Mecklenburg County,000094,37119000094,985.4,441.6,1373835.622284765,1458134.0393512698
NC,Mecklenburg County,000095,37119000095,1060.8,264.0,1373600.8675744082,1461131.4714802436
NC,Mecklenburg County,000096,37119000096,972.8,720.7,1372227.769940989,1452242.3799337752
NC,Mecklenburg County,000097,37119000097,496.5,107.7,1361152.142478641,1447727.6676549152
NC,Mecklenburg County,000098,37119000098,1361.3,227.6,1359696.711765362,1452629.2817059818
NC,Mecklenburg County,000099,37119000099,1205.9,194.0,1372993.422367973,1453990.4800077842
NC,Mecklenburg County,000100,37119000100,1231.9,1063.4,1369049.7374010782,1448528.177365526
NC,Mecklenburg County,000101,37119000101,996.4,957.8,1364646.6878379749,1447286.204226218
NC,Mecklenburg County,000102,37119000102,2302.1,902.9,1374093.8313481477,1455679.4071578141
NC,Mecklenburg County,000103,37119000103,1387.5,1347.3,1370893.4818714138,1450896.0170557832
NC,Mecklenburg County,000104,37119000104,1867.9,192.4,1370525.2694729143,1465333.980173481
NC,Mecklenburg County,000105,37119000105,2376.3,522.6,1370071.10439645,1469754.9037050179
NC,Mecklenburg County,000106,37119000106,791.7,639.9,1370193.0174976396,1455262.0696394476
NC,Mecklenburg County,000108,37119000108,1280.4,193.5,1372315.7396826474,1461065.9593687337
NC,Mecklenburg County,000109,37119000109,1585.2,532.6,1364821.2483379561,1460226.8012326385
NC,Mecklenburg County,000110,37119000110,621.7,552.3,1365939.5760777225,1450405.3482740866
NC,Mecklenburg County,000111,37119000111,1270.3,1087.9,1365035.7737060646,1451662.5312472905
NC,Mecklenburg County,000112,37119000112,851.7,968.5,1370346.026455407,1444697.7668351224
NC,Mecklenburg County,000113,37119000113,1372.6,1447.1,1372880.558148682,1445916.6027958924
NC,Mecklenburg County,000114,37119000114,1216.9,1212.7,1362232.2718512104,1447390.3321090848
NC,Mecklenburg County,000115,37119000115,824.5,312.8,1374274.2219906203,1458900.553416223
NC,Mecklenburg County,000116,37119000116,903.4,227.6,1374998.5992010818,1462035.2192360745
NC,Mecklenburg County,000117,37119000117,1151.3,333.6,1371461.3114061188,1455806.6679395668
NC,Mecklenburg County,000118,37119000118,1227.4,995.5,1370794.0750727819,1449462.3247931013
NC,Mecklenburg County,000119,37119000119,721.1,565.6,1368510.6897656273,1451952.9874590635
NC,Mecklenburg County,000120,37119000120,1258.0,247.5,1361273.392320332,1449459.3497315338
NC,Mecklenburg County,000121,37119000121,1517.5,1831.2,1368183.4486175997,1444945.309035364
NC,Mecklenburg County,000122,37119000122,2631.6,1343.9,1354391.1914120666,1447094.8035457318
NC,Mecklenburg County,000123,37119000123,1497.4,332.0,1372604.472728314,1465368.446135575
NC,Mecklenburg County,000124,37119000124,1541.0,211.2,1372450.8199224905,1462509.2660936918
NC,Mecklenburg County,000125,37119000125,730.1,228.8,1373049.274685701,1456612.0319098528
NC,Mecklenburg County,000126,37119000126,1985.7,341.1,1367060.3088099696,1469715.0818049675
NC,Mecklenburg County,000127,37119000127,1940.1,2053.6,1361624.3280847599,1489220.444769031
NC,Mecklenburg County,000128,37119000128,1552.8,721.4,1365644.6546471757,1475067.6746712236
NC,Mecklenburg County,000129,37119000129,620.8,256.7,1361857.939777502,1445190.4596834823
NC,Mecklenburg County,000130,37119000130,860.6,353.4,1371021.3799568824,1458230.9540382854
NC,Mecklenburg County,000131,37119000131,734.7,773.5,1368246.1155707457,1447299.9879386644
NC,Mecklenburg County,000132,37119000132,1030.4,367.7,1369118.0254942512,1467575.7892000994
NC,Mecklenburg County,000133,37119000133,1766.2,2141.1,1357970.2238642226,1484625.4100289939
NC,Mecklenburg County,000134,37119000134,2798.5,2441.7,1355775.6306943733,1479101.1625324788
NC,Mecklenburg County,000135,37119000135,4425.1,636.2,1362088.8262847278,1471982.1011011067
NC,Mecklenburg County,000136,37119000136,891.2,1050.9,1376619.4694711312,1448410.1942662923
NC,Mecklenburg County,000137,37119000137,2205.5,2517.8,1370604.9876047696,1441907.0260393652
NC,Mecklenburg County,000138,37119000138,1916.2,470.9,1355483.5965608235,1451412.155796318
NC,Mecklenburg County,000140,37119000140,2285.2,2153.1,1364430.0469735328,1441508.5550183407
NC,Mecklenburg County,000141,37119000141,1963.1,546.6,1370738.7962592936,1472359.2183489052
NC,Mecklenburg County,000142,37119000142,2265.4,2615.7,1351672.4787986036,1481988.7488578209
NC,Mecklenburg County,000143,37119000143,2077.6,2351.8,1355726.84914933,1482148.8966006124
NC,Mecklenburg County,000144,37119000144,1479.7,1344.8,1366296.7862000116,1442368.2415785284
NC,Mecklenburg County,000145,37119000145,5050.8,2612.1,1366688.1799091366,1479235.8205059636
NC,Mecklenburg County,000146,37119000146,2562.6,381.5,1365683.8844629645,1471391.1811993988
NC,Mecklenburg County,000147,37119000147,2023.1,464.1,1357598.6709551322,1451994.4191903402
NC,Mecklenburg County,000148,37119000148,4704.5,3404.0,1365889.2177227368,1438801.4163673797
NC,Mecklenburg County,000149,37119000149,3382.4,648.4,1372128.6902816193,1469442.0171057726
NC,Mecklenburg County,000150,37119000150,1798.6,818.9,1351602.5587356405,1469658.4809642448
NC,Mecklenburg County,000151,37119000151,2798.7,786.2,1363286.0494363112,1476798.404915697
NC,Mecklenburg County,000200,37119000200,917.2,791.2,1349911.3329428774,1457016.7503405733
NC,Mecklenburg County,000201,37119000201,3636.6,1549.0,1379475.0747854563,1464518.791395808
NC,Mecklenburg County,000202,37119000202,3260.2,3324.1,1359412.7737868337,1486781.500259861
NC,Mecklenburg County,000203,37119000203,3623.9,910.4,1376008.1906818585,1465098.7985755391
NC,Mecklenburg County,000205,37119000205,2005.7,913.7,1374451.1328025965,1468030.8894399663
NC,Mecklenburg County,000206,37119000206,3081.4,1634.5,1357386.2988722643,1490996.6117370394
NC,Mecklenburg County,000207,37119000207,1900.6,2273.8,1360109.0503626189,1483046.4922231662
NC,Mecklenburg County,000208,37119000208,1501.4,2349.4,1352363.6613315467,1490051.1762766226
NC,Mecklenburg County,000209,37119000209,1796.0,1839.8,1352936.851491806,1475991.8172455013
NC,Mecklenburg County,000210,37119000210,3852.2,476.9,1358443.4300999849,1470228.9569012744
NC,Mecklenburg County,000211,37119000211,5630.1,1503.8,1358432.167040032,1474033.956436044
NC,Mecklenburg County,000212,37119000212,6319.1,1324.2,1369307.183167656,1474949.7278446737
NC,Mecklenburg County,000213,37119000213,2943.3,400.7,1361705.459686653,1468701.7602541803
NC,Mecklenburg County,000214,37119000214,2057.5,665.6,1364858.1376567117,1474715.103778457
NC,Mecklenburg County,000215,37119000215,1372.8,1336.5,1375709.9055652372,1449633.2787089034
NC,Mecklenburg County,000216,37119000216,1965.3,1682.8,1376003.3284172548,1453853.9351686686
NC,Mecklenburg County,000217,37119000217,1135.0,923.1,1374389.5596241767,1451695.4099266878
NC,Mecklenburg County,000218,37119000218,850.3,1237.8,1378830.7705113115,1451832.257692102
NC,Mecklenburg County,000219,37119000219,817.2,1145.6,1379795.9327551627,1460962.599577633
NC,Mecklenburg County,000220,37119000220,1044.3,1496.2,1377635.3803574957,1455830.5741771946
NC,Mecklenburg County,000221,37119000221,1279.3,2291.3,1381003.4387704683,1455982.901282753
NC,Mecklenburg County,000222,37119000222,4027.4,1053.8,1355704.1746487073,1468823.752400081
NC,Mecklenburg County,000224,37119000224,1300.5,814.4,1348410.8254326873,1463677.98753954
NC,Mecklenburg County,000225,37119000225,938.1,808.4,1359364.2037743984,1445662.6485253905
NC,Mecklenburg County,000226,37119000226,1571.2,1289.6,1365816.975884052,1444298.682636443
NC,Mecklenburg County,000227,37119000227,2647.7,2431.6,1373748.6496825775,1444421.557463603
NC,Mecklenburg County,000228,37119000228,2175.5,788.1,1355389.1166515518,1449368.8756119995
NC,Mecklenburg County,000229,37119000229,4464.8,3071.4,1349185.9241804997,1442251.9384456584
NC,Mecklenburg County,000230,37119000230,4580.6,1731.7,1352165.976378562,1452271.4256036696
NC,Mecklenburg County,000231,37119000231,2091.5,1320.9,1361786.3532477082,1441874.668125352
NC,Mecklenburg County,000232,37119000232,1963.7,1962.5,1368574.866464587,1442469.66856318
NC,Mecklenburg County,000233,37119000233,1554.6,1841.4,1373151.0285173836,1449398.4955488231
NC,Mecklenburg County,000234,37119000234,1378.2,1124.3,1377309.4691466973,1459604.6141701185
NC,Mecklenburg County,000235,37119000235,1504.7,1091.7,1376268.9938419464,1457746.4219595513
NC,Mecklenburg County,000236,37119000236,1440.5,2396.2,1384111.227177031,1461667.9651737984
NC,Mecklenburg County,000237,37119000237,2385.4,579.2,1373072.402780362,1474172.9407636193
NC,Mecklenburg County,000239,37119000239,1936.0,655.6,1366410.1618660514,1476907.7876349718
NC,Mecklenburg County,000240,37119000240,2141.7,2671.7,1353665.2154560867,1485927.2565713325
NC,Mecklenburg County,000241,37119000241,3004.1,2678.5,1362044.7182700704,1480346.5802011664
NC,Mecklenburg County,000242,37119000242,795.7,1647.5,1350388.0092574572,1486697.0058330714
NC,Mecklenburg County,000243,37119000243,4721.2,2382.3,1348886.9393533573,1447236.565557327
NC,Mecklenburg County,0078.1,371190078.1,1178.9,373.0,1357086.3372792746,1454655.1114616469
NC,Mecklenburg County,0107.1,371190107.1,2270.0,438.8,1364440.2498359391,1471815.9278822714
NC,Mecklenburg County,0139.1,371190139.1,1422.0,1378.8,1368042.8784461627,1440322.6286145304
NC,Mecklenburg County,0204.1,371190204.1,3305.2,601.3,1374058.7183113827,1471445.4805382646
NC,Mecklenburg County,0223.1,371190223.1,3559.1,1807.5,1349208.121826368,1470409.3888480384
NC,Mecklenburg County,0238.1,371190238.1,1649.1,704.3,1362879.41045522,1474501.8250003604
NC,Mitchell County,000001,37121000001,225.9,728.9,1231800.5692091426,1529905.0405399436
NC,Mitchell County,000002,37121000002,25.0,208.4,1220172.0203949856,1535334.126401232
NC,Mitchell County,000003,37121000003,75.8,348.2,1238039.1024219322,1532033.8835123188
NC,Mitchell County,000004,37121000004,1031.7,3190.8,1241157.4997826652,1518567.1950506314
NC,Mitchell County,000005,37121000005,87.3,457.5,1226870.595697206,1539651.6533564208
NC,Mitchell County,000006,37121000006,73.1,333.3,1233506.2253364176,1536791.5458968463
NC,Mitchell County,000007,37121000007,21.0,137.5,1214754.847797162,1536225.8047998215
NC,Mitchell County,000008,37121000008,37.0,189.1,1224729.0673983432,1530563.8623565636
NC,Mitchell County,000009,37121000009,306.7,712.0,1235145.073122612,1524727.496751074
NC,Montgomery County,0000T1,371230000T1,587.6,834.8,1441060.7142675528,1489777.9667369786
NC,Montgomery County,0000T2,371230000T2,373.1,632.2,1445581.907279964,1491488.9192251214
NC,Montgomery County,000BIS,37123000BIS,550.3,476.6,1454014.0770441478,1490974.0354381832
NC,Montgomery County,000CAN,37123000CAN,473.9,512.0,1454443.5019299127,1485071.5492327805
NC,Montgomery County,000CHE,37123000CHE,143.9,373.1,1451061.7806171589,1475611.2610723937
NC,Montgomery County,000ELD,37123000ELD,243.5,854.1,1426488.220500884,1498040.2535694852
NC,Montgomery County,000LIT,37123000LIT,71.4,324.7,1446476.4387312753,1501754.4465449986
NC,Montgomery County,000MTG,37123000MTG,856.9,416.1,1438743.2414780546,1470123.530856113
NC,Montgomery County,000OPH,37123000OPH,32.9,213.6,1436794.8487810388,1500768.411814387
NC,Montgomery County,000PEE,37123000PEE,210.3,648.4,1432461.231487153,1477206.9543826077
NC,Montgomery County,000ROC,37123000ROC,348.7,181.9,1463102.259470231,1476309.0203626899
NC,Montgomery County,000STA,37123000STA,281.0,838.2,1452895.3148655004,1498878.6036788023
NC,Montgomery County,000UWH,37123000UWH,229.0,794.7,1433895.2855209066,1487961.8047281154
NC,Montgomery County,000WAD,37123000WAD,205.9,141.5,1440814.7737217625,1479659.6711335634
NC,Moore County,000BEN,37125000BEN,483.1,1042.0,1467125.1032793755,1491382.0368548038
NC,Moore County,000CAM,37125000CAM,517.9,1363.5,1499467.4540470468,1495854.3072682137
NC,Moore County,000CAR,37125000CAR,1238.1,2514.9,1485583.2172573693,1498759.7032489893
NC,Moore County,000DHR,37125000DHR,282.4,1036.4,1477871.9284686085,1507073.9628584655
NC,Moore County,000EAB,37125000EAB,864.5,1027.7,1491372.5274144125,1470188.6032219662
NC,Moore County,000EWD,37125000EWD,416.6,799.0,1484142.4927670758,1485328.8729770656
NC,Moore County,000LTR,37125000LTR,769.7,1441.6,1508748.7306457344,1484342.7900739086
NC,Moore County,000NSP,37125000NSP,907.3,870.0,1495991.546405583,1478701.2508101729
NC,Moore County,000PBF,37125000PBF,747.3,940.4,1483772.6786716806,1466208.420179689
NC,Moore County,000PDN,37125000PDN,1101.6,1429.7,1493737.2229275145,1474374.711904277
NC,Moore County,000PHC,37125000PHC,1284.4,1927.9,1483551.3618270436,1475756.74839128
NC,Moore County,000RBN,37125000RBN,266.8,625.1,1467861.5891701072,1503419.191024916
NC,Moore County,000SLS,37125000SLS,1131.8,2298.8,1473081.8974355177,1484106.2979956598
NC,Moore County,000SSP,37125000SSP,1533.1,1110.4,1489799.4866745058,1477660.837194363
NC,Moore County,000TLT,37125000TLT,290.2,101.0,1482481.9596560928,1479846.807628428
NC,Moore County,000VSS,37125000VSS,489.3,971.3,1499096.5846155954,1486736.8378688565
NC,Moore County,000WAB,37125000WAB,1139.8,1473.4,1484660.5997837512,1472460.4738873178
NC,Moore County,000WEM,37125000WEM,283.7,1308.0,1460315.1885947168,1505027.5511526682
NC,Moore County,000WND,37125000WND,686.8,1147.1,1474651.2125667161,1478284.9391610248
NC,Moore County,00EKWD,3712500EKWD,396.9,646.0,1493854.8968510623,1482423.7430061358
NC,Moore County,00PHA1,3712500PHA1,854.5,1513.9,1484798.1459072514,1479623.0822372886
NC,Moore County,00PHA2,3712500PHA2,516.1,1186.2,1479278.7411338459,1477666.144125927
NC,Moore County,00PHB1,3712500PHB1,937.0,1475.4,1487267.8411200624,1480655.272059485
NC,Moore County,00PHB2,3712500PHB2,562.8,1242.5,1487122.104268567,1476084.048574088
NC,Moore County,00WKWD,3712500WKWD,655.1,1165.9,1489494.2849154545,1481918.7158483875
NC,Moore County,EUR-WP,37125EUR-WP,859.4,2104.4,1491855.2469461658,1487218.9373851062
NC,Nash County,00P01A,3712700P01A,806.7,1344.1,1592662.356408125,1566164.954305658
NC,Nash County,00P02A,3712700P02A,661.8,958.7,1584721.5436871108,1564204.5043997662
NC,Nash County,00P03A,3712700P03A,466.5,857.9,1586152.8813165787,1574461.5827329773
NC,Nash County,00P04A,3712700P04A,502.4,798.3,1598230.2182920545,1572666.2108220435
NC,Nash County,00P05A,3712700P05A,440.2,1684.2,1603968.1735109473,1578442.666447676
NC,Nash County,00P06A,3712700P06A,1323.1,954.7,1590090.227588955,1583663.9278816376
NC,Nash County,00P07A,3712700P07A,222.6,445.1,1594617.3810863402,1585498.7790085336
NC,Nash County,00P08A,3712700P08A,2651.8,2710.2,1600459.2577542951,1588202.0127008571
NC,Nash County,00P09A,3712700P09A,485.0,561.2,1592643.8825652045,1597389.0096245487
NC,Nash County,00P10A,3712700P10A,901.5,396.3,1598665.5683172,1604550.814007614
NC,Nash County,00P11A,3712700P11A,610.9,1796.3,1605657.4918602617,1597014.7953324728
NC,Nash County,00P12A,3712700P12A,449.8,309.0,1609016.566173312,1605022.8745781367
NC,Nash County,00P13A,3712700P13A,505.3,155.8,1617045.2189062205,1606717.1842276123
NC,Nash County,00P14A,3712700P14A,643.5,777.2,1611208.7430165552,1594044.724578712
NC,Nash County,00P15A,3712700P15A,1277.5,1948.6,1609013.6974753428,1585215.1949145293
NC,Nash County,00P16A,3712700P16A,990.8,567.2,1615230.2549183564,1598572.9317839965
NC,Nash County,00P17A,3712700P17A,2071.9,937.2,1615906.3888179518,1592783.1149373325
NC,Nash County,00P18A,3712700P18A,1441.4,591.4,1613353.9959124564,1591205.9407075327
NC,Nash County,00P19A,3712700P19A,2289.0,2129.5,1611490.306887931,1588739.1544592252
NC,Nash County,00P20A,3712700P20A,1193.6,923.4,1613918.2085100592,1588207.292270158
NC,Nash County,00P21A,3712700P21A,1489.7,513.7,1616693.1738945437,1589403.7643999709
NC,Nash County,00P22A,3712700P22A,1244.9,141.5,1616524.6918200662,1586488.1807707413
NC,Nash County,00P23A,3712700P23A,1911.2,346.0,1615528.6497306789,1585149.092998313
NC,Nash County,00P24A,3712700P24A,881.8,1642.8,1613266.7935656446,1579178.1046520285
NC,New Hanover County,0000WB,371290000WB,732.9,986.8,1657608.260119379,1398021.9412496572
NC,New Hanover County,000H01,37129000H01,741.4,669.8,1646067.8138344188,1401804.2315325881
NC,New Hanover County,000H02,37129000H02,1185.1,2005.5,1652591.4984429434,1400426.6814083746
NC,New Hanover County,000H03,37129000H03,1730.2,2249.2,1650868.6833432377,1396029.7573549652
NC,New Hanover County,000H04,37129000H04,1534.6,1635.5,1649082.4553957868,1398465.921138531
NC,New Hanover County,000H05,37129000H05,1320.6,1718.1,1649550.2860644711,1400633.146581648
NC,New Hanover County,000H06,37129000H06,1017.3,1126.5,1648078.4839111937,1402230.9827885095
NC,New Hanover County,000H08,37129000H08,2040.7,2766.0,1653292.8436721326,1403475.159641054
NC,New Hanover County,000H10,37129000H10,1467.5,1187.8,1648693.6391331155,1403927.5899862584
NC,New Hanover County,000H11,37129000H11,2070.0,2661.6,1651234.4586028315,1408165.978542068
NC,New Hanover County,000H12,37129000H12,1301.0,1909.9,1658260.5926442463,1404887.963423578
NC,New Hanover County,000H13,37129000H13,1276.0,1766.3,1655497.0308993456,1407504.5116949182
NC,New Hanover County,000M02,37129000M02,2179.8,2542.8,1649457.1140127573,1392476.7440575338
NC,New Hanover County,000M03,37129000M03,1442.1,1940.9,1644510.5562269264,1387735.2118422685
NC,New Hanover County,000M04,37129000M04,2472.7,2608.0,1646971.7039519667,1390980.8097254958
NC,New Hanover County,000M06,37129000M06,1003.2,1280.1,1648086.0251356896,1388842.3581112328
NC,New Hanover County,000M07,37129000M07,807.1,1107.7,1653888.648548328,1388726.3404612166
NC,New Hanover County,000W03,37129000W03,1322.7,260.7,1640581.5544476062,1395916.6647488945
NC,New Hanover County,000W08,37129000W08,772.2,409.3,1642220.7356359952,1395231.4001980012
NC,New Hanover County,000W12,37129000W12,858.7,509.5,1643699.5847233685,1397689.2856207844
NC,New Hanover County,000W13,37129000W13,894.5,348.1,1646419.8235373022,1398621.5457047066
NC,New Hanover County,000W15,37129000W15,2423.5,612.8,1644681.8644188633,1399914.8614191446
NC,New Hanover County,000W16,37129000W16,1255.9,1254.6,1645467.5640975616,1392982.6680329887
NC,New Hanover County,000W17,37129000W17,918.3,873.1,1647136.7417163013,1394327.0903052108
NC,New Hanover County,000W18,37129000W18,569.3,549.9,1648016.958101479,1395864.9858101027
NC,New Hanover County,000W21,37129000W21,1609.3,1408.6,1644947.2144361034,1391084.5859075147
NC,New Hanover County,000W24,37129000W24,1418.6,824.9,1647576.2521876039,1397696.5536355753
NC,New Hanover County,000W25,37129000W25,2205.0,458.3,1640521.9489008815,1398903.5765745952
NC,New Hanover County,000W26,37129000W26,1190.4,651.1,1641370.176276621,1393844.0158154352
NC,New Hanover County,000W27,37129000W27,1838.9,446.5,1642661.813958901,1398720.9503494038
NC,New Hanover County,000W28,37129000W28,1495.6,810.0,1645398.9631360965,1397280.9338406941
NC,New Hanover County,000W29,37129000W29,2035.4,169.5,1641742.0185286808,1397722.6655751532
NC,New Hanover County,000W30,37129000W30,1761.9,1328.2,1642560.5491608423,1391202.2693845928
NC,New Hanover County,000W31,37129000W31,1487.5,1550.9,1644433.2497627249,1395296.909982412
NC,New Hanover County,00CF01,3712900CF01,1453.5,1415.3,1637824.8081793557,1403810.712817812
NC,New Hanover County,00CF02,3712900CF02,809.6,1336.3,1642384.5511771492,1411080.9643117767
NC,New Hanover County,00CF05,3712900CF05,1209.0,1360.8,1647442.752826793,1407767.309003009
NC,New Hanover County,00CF06,3712900CF06,959.1,1180.9,1644090.5911730106,1403852.3794564756
NC,New Hanover County,00FP03,3712900FP03,658.6,830.4,1650989.849373247,1365972.8439262358
NC,New Hanover County,00FP04,3712900FP04,1556.1,2363.9,1649497.8189477,1383532.9438142125
NC,New Hanover County,00FP06,3712900FP06,1247.4,1715.2,1645620.0955658234,1384449.010002817
NC,New Hanover County,00FP07,3712900FP07,1555.2,2320.8,1646688.571178889,1380644.3798340526
NC,New Hanover County,00FP08,3712900FP08,1768.8,2304.5,1651180.6137232,1377308.4934538426
NC,Northampton County,00GAPL,3713100GAPL,1193.9,207.8,1630520.1090786455,1645297.5398563116
NC,Northampton County,00JARE,3713100JARE,413.9,248.0,1644637.7046377568,1639192.7907146933
NC,Northampton County,00WOPO,3713100WOPO,386.1,218.2,1659569.8760245563,1640433.3762639177
NC,Northampton County,COMIPE,37131COMIPE,490.7,494.5,1657651.232770409,1653074.7630131803
NC,Northampton County,CREEKS,37131CREEKS,210.6,261.7,1649024.274179306,1647578.1568063656
NC,Northampton County,GALATI,37131GALATI,220.7,223.5,1647186.922517717,1656413.626081113
NC,Northampton County,GASTON,37131GASTON,1285.4,476.9,1616112.4151190813,1652178.472745197
NC,Northampton County,LAKE-G,37131LAKE-G,454.1,550.2,1602741.6775403572,1651132.7864103192
NC,Northampton County,LASKER,37131LASKER,56.6,143.5,1652119.4873374726,1641888.9327964322
NC,Northampton County,NEWTOW,37131NEWTOW,187.4,200.7,1662456.27778646,1651128.5635834835
NC,Northampton County,RICH-S,37131RICH-S,752.5,204.9,1653717.8372275068,1630124.8352141406
NC,Northampton County,SEABOA,37131SEABOA,454.7,209.1,1636857.5435754764,1653697.7244992044
NC,Northampton County,SEVERN,37131SEVERN,125.0,135.0,1660822.933441672,1660995.1098894523
NC,Onslow County,00BC21,3713300BC21,752.2,2196.5,1698534.5458965723,1458616.644645888
NC,Onslow County,00BM08,3713300BM08,2140.6,2151.4,1680733.0045167182,1466232.8511366507
NC,Onslow County,00CL10,3713300CL10,405.3,1367.5,1656876.2004626363,1467828.2408389056
NC,Onslow County,00CR07,3713300CR07,921.7,2066.6,1666454.4815042499,1461194.4869589212
NC,Onslow County,00EN03,3713300EN03,3166.0,3060.9,1678079.74753867,1470857.0869568656
NC,Onslow County,00FS16,3713300FS16,666.0,2108.3,1681171.3731774811,1434408.1417784584
NC,Onslow County,00GB12,3713300GB12,884.7,2107.7,1668606.3473549196,1476098.3597191654
NC,Onslow County,00HM05,3713300HM05,1263.8,1841.3,1674160.904499645,1473195.3249796336
NC,Onslow County,00HN14,3713300HN14,424.6,1199.2,1664677.8111343412,1451497.017305032
NC,Onslow County,00HR17,3713300HR17,500.4,1198.0,1669371.0553349012,1438891.9624589416
NC,Onslow County,00HU20,3713300HU20,485.4,1477.1,1694227.4703079273,1462650.5450447672
NC,Onslow County,00JA01,3713300JA01,912.4,1410.8,1686603.4293418415,1451726.3240703717
NC,Onslow County,00ML23,3713300ML23,238.8,539.2,1683909.7607929865,1480354.2758818138
NC,Onslow County,00MT24,3713300MT24,264.6,980.4,1694012.0155687546,1470443.9174482229
NC,Onslow County,00NM13,3713300NM13,122.4,685.7,1657705.1658488305,1459392.2297353134
NC,Onslow County,00NR02,3713300NR02,797.0,189.9,1678406.225213024,1464513.799031333
NC,Onslow County,00RL09,3713300RL09,1102.2,2658.7,1658698.8259868042,1479518.6412408499
NC,Onslow County,00SF18,3713300SF18,768.4,2504.0,1683226.4353937635,1441499.100172532
NC,Onslow County,00SW19,3713300SW19,1021.5,2620.7,1703116.7014321208,1457994.4769615007
NC,Onslow County,00TL06,3713300TL06,754.5,1617.6,1667743.5607310538,1466126.8717482765
NC,Onslow County,00VR15,3713300VR15,310.5,955.7,1671585.427330856,1453579.2010083992
NC,Onslow County,00WN04,3713300WN04,1212.0,2174.2,1673505.2585521182,1466055.4683981666
NC,Onslow County,0NE22A,371330NE22A,1049.9,1009.1,1686984.4229423488,1463499.119092242
NC,Onslow County,0NE22B,371330NE22B,1346.8,1983.7,1684956.5815914408,1470155.635714787
NC,Orange County,00000H,3713500000H,981.9,223.9,1500264.4338845746,1581056.0266251038
NC,Orange County,0000CA,371350000CA,420.2,447.2,1486816.8759369126,1591652.5066777824
NC,Orange County,0000CB,371350000CB,1205.5,112.8,1503792.0584128206,1564220.7824277265
NC,Orange County,0000CF,371350000CF,2843.9,624.6,1509705.1562213423,1568819.4504803668
NC,Orange County,0000CG,371350000CG,639.8,584.3,1492420.1487828584,1592249.031233722
NC,Orange County,0000CH,371350000CH,956.8,111.4,1508908.1115104486,1566718.6537668905
NC,Orange County,0000CO,371350000CO,1814.8,256.6,1506000.3127525474,1566237.1502713936
NC,Orange County,0000CP,371350000CP,1152.5,721.5,1500614.9336216745,1584995.4109752993
NC,Orange County,0000CW,371350000CW,902.8,1332.6,1505739.7232697925,1594814.4402221842
NC,Orange County,0000CX,371350000CX,2234.1,1783.9,1488863.4204887606,1580421.2873254665
NC,Orange County,0000DA,371350000DA,2133.5,343.2,1506637.7779141236,1559898.2028596746
NC,Orange County,0000DM,371350000DM,1566.5,265.2,1504936.6062736555,1559217.5582364218
NC,Orange County,0000EF,371350000EF,966.6,861.1,1494358.1817071748,1580703.5262653043
NC,Orange County,0000EH,371350000EH,1538.4,228.1,1507945.1977318379,1566911.1410512747
NC,Orange County,0000ES,371350000ES,1150.5,187.8,1510911.896175235,1567345.9844199207
NC,Orange County,0000GB,371350000GB,2213.5,959.8,1500301.1679741403,1577577.6423986407
NC,Orange County,0000GL,371350000GL,1479.4,394.1,1510916.2978231527,1563729.410275668
NC,Orange County,0000HE,371350000HE,978.9,496.9,1502293.0097656173,1580428.0141948906
NC,Orange County,0000HF,371350000HF,2029.0,437.8,1500889.372476122,1567781.8413256141
NC,Orange County,0000KM,371350000KM,1470.5,306.7,1509539.1083370594,1560165.6796596048
NC,Orange County,0000LC,371350000LC,1620.9,168.1,1504700.6015805013,1563100.6452376097
NC,Orange County,0000NC,371350000NC,1918.2,220.5,1504230.250024384,1565531.8902189545
NC,Orange County,0000NS,371350000NS,1648.2,283.5,1506951.9291705166,1564096.6006164188
NC,Orange County,0000OG,371350000OG,1821.6,987.8,1493475.7390495588,1569218.1073471953
NC,Orange County,0000OW,371350000OW,1795.1,182.0,1505529.1484016364,1562358.4968463932
NC,Orange County,0000PA,371350000PA,1603.3,563.7,1508415.3514935642,1573320.8864617087
NC,Orange County,0000RE,371350000RE,1999.7,531.7,1504297.5858679065,1568843.6410799567
NC,Orange County,0000RF,371350000RF,1320.7,272.1,1510552.9032153243,1565969.7403003639
NC,Orange County,0000SJ,371350000SJ,2168.5,418.7,1501817.5052216884,1561679.6373822158
NC,Orange County,0000SM,371350000SM,1059.3,922.3,1507053.6247584997,1585773.598819324
NC,Orange County,0000TH,371350000TH,1522.5,97.7,1506024.2356597707,1563657.3485447927
NC,Orange County,0000TO,371350000TO,678.9,602.6,1498180.4657227995,1593500.0530399142
NC,Orange County,0000WC,371350000WC,935.8,497.7,1494411.165467591,1560364.0693985529
NC,Orange County,0000WD,371350000WD,2295.1,374.9,1507125.4158042627,1568647.0168730991
NC,Orange County,0000WH,371350000WH,1094.1,332.7,1498041.0344428166,1583162.5202400011
NC,Orange County,0000WW,371350000WW,1911.4,345.9,1507060.636869869,1562276.8136953248
NC,Orange County,000CS1,37135000CS1,970.4,466.2,1501970.99415238,1573315.0918203546
NC,Orange County,000EA1,37135000EA1,1722.5,336.1,1508244.9234040212,1564802.600591016
NC,Orange County,000ENO,37135000ENO,1028.8,873.4,1507111.977390599,1579857.3633969952
NC,Orange County,000UNC,37135000UNC,3452.1,704.2,1508883.9961997478,1563514.5279391124
NC,Orange County,000WDS,37135000WDS,75.4,4.5,1507982.859801299,1569785.5346440568
NC,Pamlico County,0001GB,371370001GB,146.7,537.6,1719375.7575841793,1514648.8215850063
NC,Pamlico County,0001RB,371370001RB,200.6,625.9,1712533.0215460581,1517046.5990534816
NC,Pamlico County,0002OT,371370002OT,712.2,858.8,1742126.1883706453,1515917.2348192956
NC,Pamlico County,0002SW,371370002SW,114.4,206.6,1730027.9633856313,1513990.965412189
NC,Pamlico County,0003BY,371370003BY,550.2,456.3,1729038.3311778544,1522339.6591271816
NC,Pamlico County,0004HB,371370004HB,13.1,127.1,1748461.8638446801,1534431.328400647
NC,Pamlico County,0005AP,371370005AP,574.6,1069.4,1724247.1824516363,1502488.5398466205
NC,Pamlico County,01AL-A,3713701AL-A,116.4,258.1,1722151.8655279712,1517342.7302024593
NC,Pamlico County,04MSIC,3713704MSIC,78.4,60.7,1737741.6775998767,1526093.2160752278
NC,Pamlico County,04VM-A,3713704VM-A,84.2,67.2,1734195.6275041252,1527114.4338729314
NC,Pasquotank County,0000MH,371390000MH,1342.2,1416.2,1740572.5409379334,1649769.7138519848
NC,Pasquotank County,000NEW,37139000NEW,631.5,652.0,1728538.2221525542,1662904.8689516117
NC,Pasquotank County,000NIX,37139000NIX,1045.7,1891.4,1750917.404753064,1647810.3039867673
NC,Pasquotank County,000PRO,37139000PRO,1233.8,2226.8,1739373.1634870989,1657708.7292665325
NC,Pasquotank County,000SAL,37139000SAL,247.2,543.9,1759587.3169785142,1639756.5812994938
NC,Pasquotank County,00EAST,3713900EAST,1181.4,812.3,1748981.0834307012,1653572.0056234577
NC,Pasquotank County,00WEST,3713900WEST,1320.4,340.5,1745458.7450474591,1653144.8666261602
NC,Pasquotank County,0NORTH,371390NORTH,894.5,504.5,1746704.3004237413,1656787.4389961564
NC,Pasquotank County,0SOUTH,371390SOUTH,1463.3,316.7,1748516.5028177197,1652411.2816642313
NC,Pender County,00CF11,3714100CF11,651.5,1477.4,1639993.2133786096,1416067.7797903847
NC,Pender County,00CL05,3714100CL05,694.9,390.2,1617702.7464285467,1433877.975919813
NC,Pender County,00CS04,3714100CS04,318.3,418.0,1613511.525134074,1422736.5197457625
NC,Pender County,00CT03,3714100CT03,92.5,53.8,1618282.8974107383,1411172.06558645
NC,Pender County,00GR06,3714100GR06,543.9,577.9,1626723.9122894863,1416324.1271586493
NC,Pender County,00LC09,3714100LC09,382.9,752.0,1631859.9293814865,1420646.2300500486
NC,Pender County,00LT18,3714100LT18,885.3,2218.8,1658241.228434642,1414087.9158964653
NC,Pender County,00LU16,3714100LU16,252.3,561.4,1631728.0200222896,1441203.536074706
NC,Pender County,00MH07,3714100MH07,85.8,201.3,1647182.8623420142,1440403.9215223903
NC,Pender County,00MT19,3714100MT19,874.7,1645.2,1660243.416475594,1419225.342347182
NC,Pender County,00NB01,3714100NB01,499.8,784.0,1632000.0142389936,1434232.036688642
NC,Pender County,00PL10,3714100PL10,85.7,265.2,1623432.7290512808,1441982.9554644325
NC,Pender County,00RP20,3714100RP20,574.6,708.5,1646650.059248918,1426553.1413169987
NC,Pender County,00SB02,3714100SB02,958.6,1259.7,1638270.9980174599,1431143.0660013773
NC,Pender County,00SC13,3714100SC13,925.5,1809.5,1670427.3403633689,1421349.392183839
NC,Pender County,00SH12,3714100SH12,449.1,1093.7,1656943.3119786722,1411348.927515467
NC,Pender County,00SP15,3714100SP15,884.9,1845.7,1662402.5104372692,1430501.1659960388
NC,Pender County,00UH08,3714100UH08,459.4,165.4,1649106.1519014696,1447341.0433668955
NC,Pender County,00UT14,3714100UT14,950.2,2211.5,1658776.1614158351,1423162.8745430487
NC,Pender County,00UU17,3714100UU17,340.7,427.0,1623952.2228230045,1447124.607759815
NC,Perquimans County,BELVID,37143BELVID,160.1,363.7,1719970.5210437318,1646752.0233402273
NC,Perquimans County,BETHEL,37143BETHEL,631.6,1392.1,1739239.2467011581,1629155.1341360847
NC,Perquimans County,EAST-H,37143EAST-H,400.2,280.4,1725877.4052913936,1632152.1198756413
NC,Perquimans County,NEW-HO,37143NEW-HO,470.0,1109.1,1744823.8292399459,1637009.6402883765
NC,Perquimans County,NICANO,37143NICANO,47.7,111.6,1725029.9630507329,1652757.0900033594
NC,Perquimans County,PARKVI,37143PARKVI,485.9,717.7,1731079.6002234975,1643555.3162780902
NC,Perquimans County,WEST-H,37143WEST-H,286.3,441.0,1722462.2209498964,1636406.6064471481
NC,Person County,00ALVI,3714500ALVI,759.7,807.6,1515199.0483754072,1619929.3383452948
NC,Person County,00CUCL,3714500CUCL,530.0,845.5,1495667.0156726153,1627662.5115046708
NC,Person County,00FLRI,3714500FLRI,1278.7,2630.9,1506950.0775522343,1606748.054435304
NC,Person County,00HLWY,3714500HLWY,256.8,551.1,1515046.2446763278,1631160.163574559
NC,Person County,00MTTZ,3714500MTTZ,649.1,1236.4,1517272.8540316676,1608360.0690588665
NC,Person County,00OLHI,3714500OLHI,390.6,870.1,1494951.0399434993,1616785.0553841242
NC,Person County,00PNTH,3714500PNTH,1565.4,1199.8,1506030.41021011,1621012.1338817053
NC,Person County,00RCTL,3714500RCTL,1546.2,1337.5,1501821.2356626745,1617020.8559458507
NC,Person County,00ROX4,3714500ROX4,727.8,546.5,1507612.1502288212,1615548.2358278576
NC,Person County,00SWST,3714500SWST,545.2,935.3,1496419.1887638485,1605508.3448952644
NC,Person County,00WDSD,3714500WDSD,420.1,378.4,1507061.624192559,1629776.8312500326
NC,Pitt County,000101,37147000101,1618.1,1291.5,1651648.511241159,1554328.6875604263
NC,Pitt County,000301,37147000301,1880.2,917.1,1653298.3071642702,1568953.5619843402
NC,Pitt County,000401,37147000401,692.7,430.7,1658540.2218577347,1576922.553471975
NC,Pitt County,000501,37147000501,367.6,614.1,1667398.5188037134,1572450.0438999315
NC,Pitt County,000601,37147000601,947.8,2669.7,1675216.9138002351,1545682.1101993541
NC,Pitt County,000701,37147000701,624.6,916.7,1648371.9729381944,1563273.4389950512
NC,Pitt County,000901,37147000901,224.7,339.5,1639755.5762766167,1560913.5174587776
NC,Pitt County,001001,37147001001,925.0,1192.8,1665660.5652398067,1533847.214360903
NC,Pitt County,001101,37147001101,426.8,507.5,1679928.8987477114,1554311.2539880099
NC,Pitt County,001201,37147001201,1350.9,1266.7,1673508.6441495225,1563437.5279561656
NC,Pitt County,001301,37147001301,203.6,628.0,1671730.9477177588,1539487.5125132087
NC,Pitt County,001501,37147001501,680.7,67.0,1661332.0345307337,1561433.6450101617
NC,Pitt County,001503,37147001503,1521.8,308.7,1659542.9636941722,1559246.7991667488
NC,Pitt County,001506,37147001506,983.2,346.2,1662026.389069691,1556658.1116374764
NC,Pitt County,001507,37147001507,1352.4,825.4,1664301.125519874,1557951.1007178568
NC,Pitt County,001509,37147001509,1853.6,1214.1,1666466.9882120632,1558024.4053764716
NC,Pitt County,00200A,3714700200A,774.1,1074.3,1657181.2072936029,1542010.2907847094
NC,Pitt County,00200B,3714700200B,1040.3,697.8,1663576.2689988331,1541553.02415957
NC,Pitt County,00800A,3714700800A,935.6,853.6,1639879.1071815905,1554768.9864293544
NC,Pitt County,00800B,3714700800B,838.3,625.6,1646721.4640781148,1550977.3164278064
NC,Pitt County,01102A,3714701102A,1067.0,1440.2,1669232.2811098073,1555889.7387469213
NC,Pitt County,01102B,3714701102B,1050.3,1932.6,1673796.9099492168,1556478.6572353598
NC,Pitt County,01403B,3714701403B,2000.3,1807.0,1662520.59941476,1550263.874799276
NC,Pitt County,01504A,3714701504A,1536.8,240.2,1658513.3312006565,1558031.0065050796
NC,Pitt County,01504B,3714701504B,2352.7,754.8,1658278.3442109043,1556038.4446082546
NC,Pitt County,01505A,3714701505A,1428.2,368.2,1659583.6313878957,1554829.8581098467
NC,Pitt County,01505B,3714701505B,1673.4,135.2,1661017.0750610316,1555854.1514404116
NC,Pitt County,01507B,3714701507B,627.5,483.2,1663171.228441533,1557693.6229050772
NC,Pitt County,01508A,3714701508A,510.3,559.5,1662602.680019573,1558860.5675944127
NC,Pitt County,01508B,3714701508B,711.0,448.6,1664393.037489284,1559001.6166995044
NC,Pitt County,01510A,3714701510A,786.7,1021.6,1664480.9339402416,1555629.9677267051
NC,Pitt County,01510B,3714701510B,1089.5,1013.9,1666128.5133100462,1555756.4832891768
NC,Pitt County,01511A,3714701511A,1213.9,1606.1,1662436.3235804464,1553287.147078495
NC,Pitt County,01511B,3714701511B,1466.9,1085.9,1663559.1118750665,1554735.278638155
NC,Pitt County,01512A,3714701512A,2404.8,1542.7,1658106.4564359244,1552188.9294672047
NC,Pitt County,01512B,3714701512B,1202.8,626.5,1660983.3373483059,1552724.4368200009
NC,Pitt County,01513A,3714701513A,1208.0,1259.1,1664844.034674574,1550350.7167515003
NC,Pitt County,01513B,3714701513B,923.2,1008.5,1666361.5127079508,1552147.845716702
NC,Pitt County,1403A1,371471403A1,1135.5,1381.9,1656682.0827369601,1548222.3281715962
NC,Pitt County,1403A2,371471403A2,1287.5,1173.5,1662801.473413385,1546879.3663523088
NC,Polk County,00CG05,3714900CG05,237.3,883.9,1238551.8868821277,1457235.7408043598
NC,Polk County,00CL07,3714900CL07,643.8,1030.6,1243672.9541025753,1447198.8850307676
NC,Polk County,00CL08,3714900CL08,729.5,1208.3,1245182.9792687306,1442904.896336232
NC,Polk County,00GC09,3714900GC09,646.5,1258.7,1255347.8844398386,1445732.6070942697
NC,Polk County,00SA04,3714900SA04,497.9,697.5,1230831.5982253035,1444240.75219906
NC,Polk County,00WO06,3714900WO06,387.4,811.2,1243556.6498558898,1452384.4567385395
NC,Polk County,0TR123,371490TR123,1180.7,1024.7,1236286.2643792406,1440876.626405969
NC,Randolph County,0000AE,371510000AE,1431.6,1498.5,1446711.0975789668,1530946.4009326722
NC,Randolph County,0000AN,371510000AN,940.0,1623.5,1444130.0338256233,1534942.5851876508
NC,Randolph County,0000AR,371510000AR,1412.3,4483.4,1428191.4965022795,1548653.7446747192
NC,Randolph County,0000AS,371510000AS,838.6,2072.9,1446623.098191332,1526535.4012726645
NC,Randolph County,0000AW,371510000AW,1496.8,2380.3,1442607.6565287996,1530642.360577111
NC,Randolph County,0000BC,371510000BC,377.6,1915.0,1437588.5761824984,1534451.8158282994
NC,Randolph County,0000DR,371510000DR,645.1,2451.0,1451668.781953547,1536484.4641384347
NC,Randolph County,0000GR,371510000GR,589.4,2093.5,1452583.2026711432,1524588.0955789718
NC,Randolph County,0000LB,371510000LB,742.0,1237.0,1462083.131640506,1550486.637009669
NC,Randolph County,0000LC,371510000LC,362.4,1332.1,1442048.1944486657,1548752.4229481553
NC,Randolph County,0000NM,371510000NM,500.5,2628.4,1435949.1080168488,1545251.4499190645
NC,Randolph County,0000PR,371510000PR,729.1,3385.5,1451506.3672552463,1547623.6017012883
NC,Randolph County,0000RM,371510000RM,628.5,1301.5,1460497.7317333145,1536283.3754919474
NC,Randolph County,0000RN,371510000RN,1006.9,2862.7,1443962.689185137,1540826.4616759357
NC,Randolph County,0000SE,371510000SE,255.5,1265.5,1464413.2059890772,1524612.9623663437
NC,Randolph County,0000SO,371510000SO,472.9,2132.8,1457142.0203183147,1514676.427198839
NC,Randolph County,0000ST,371510000ST,307.9,1174.8,1462399.0123988457,1542194.963421643
NC,Randolph County,0000SW,371510000SW,272.0,1720.4,1430080.8146890623,1515728.0793776256
NC,Randolph County,0000TB,371510000TB,268.0,1763.4,1427742.7755566048,1531536.089987096
NC,Randolph County,0000TR,371510000TR,1158.0,4805.6,1425341.2821274914,1544441.780643896
NC,Randolph County,0000TT,371510000TT,459.7,2536.9,1427992.632694347,1538572.712514288
NC,Randolph County,0000UG,371510000UG,1159.4,4122.4,1441057.9047820715,1516792.8227677648
NC,Richmond County,000001,37153000001,1835.8,1137.8,1462494.4295916164,1444522.584502602
NC,Richmond County,000002,37153000002,1372.4,2036.4,1460209.2741999784,1449049.5991155747
NC,Richmond County,000003,37153000003,187.1,432.1,1464291.2836793733,1452244.4328263851
NC,Richmond County,000004,37153000004,520.7,507.7,1464131.7329835768,1440631.575584483
NC,Richmond County,000005,37153000005,128.1,201.1,1462027.5058321678,1441134.0197875465
NC,Richmond County,000006,37153000006,264.9,634.1,1458907.714321281,1440508.3241507283
NC,Richmond County,000007,37153000007,310.1,318.9,1459181.4793392655,1433579.2282724404
NC,Richmond County,000008,37153000008,1408.4,1044.2,1475281.0573691467,1445548.564234588
NC,Richmond County,000009,37153000009,1516.0,1883.6,1470782.1680888408,1436185.9766252737
NC,Richmond County,000010,37153000010,369.3,207.2,1476128.9012123854,1461384.1804490304
NC,Richmond County,000011,37153000011,346.2,464.3,1470289.338784934,1453587.0805377443
NC,Richmond County,000012,37153000012,493.5,623.3,1463363.5824424203,1460584.182264074
NC,Richmond County,000013,37153000013,235.5,316.5,1462345.8212376274,1467782.9583550799
NC,Richmond County,000014,37153000014,66.7,39.3,1440448.6871676533,1462555.808160171
NC,Richmond County,000015,37153000015,38.9,100.2,1451516.5146450826,1464521.1875222982
NC,Richmond County,000016,37153000016,43.0,191.6,1455096.8566410388,1454463.3175683436
NC,Robeson County,000001,37155000001,233.3,362.5,1506529.7735331706,1417252.0820050251
NC,Robeson County,000002,37155000002,733.1,526.8,1528552.173912202,1416590.760462489
NC,Robeson County,000003,37155000003,365.5,785.3,1542359.2065145806,1411896.9318845617
NC,Robeson County,000004,37155000004,420.8,775.2,1525613.9907750564,1430533.9678912545
NC,Robeson County,000007,37155000007,278.1,187.9,1522386.011625928,1400328.9004856686
NC,Robeson County,000008,37155000008,310.1,806.3,1548841.5129790534,1430756.6952369413
NC,Robeson County,000009,37155000009,391.5,440.7,1542911.2215309823,1435318.6289223656
NC,Robeson County,000010,37155000010,300.0,324.0,1526764.8805911853,1449661.9397153065
NC,Robeson County,000011,37155000011,958.4,1800.4,1537341.462788134,1427004.429107599
NC,Robeson County,000012,37155000012,813.7,384.3,1540307.2898245098,1426730.0472214478
NC,Robeson County,000013,37155000013,562.5,528.8,1539768.5594655431,1423387.7444234588
NC,Robeson County,000014,37155000014,315.9,299.7,1539885.1945309432,1420812.4730841282
NC,Robeson County,000015,37155000015,514.2,108.4,1537897.5350292658,1420120.8796889621
NC,Robeson County,000016,37155000016,628.9,39.1,1535539.9295807923,1420308.0756728067
NC,Robeson County,000017,37155000017,145.6,101.1,1534121.53146351,1421419.4221679156
NC,Robeson County,000019,37155000019,1247.8,562.6,1504692.153510069,1424358.4419635355
NC,Robeson County,000020,37155000020,334.5,397.8,1540207.946857604,1403814.5865867124
NC,Robeson County,000021,37155000021,620.8,713.8,1533190.1925825253,1453376.471166332
NC,Robeson County,000022,37155000022,871.5,791.6,1520121.7889755995,1428045.927776449
NC,Robeson County,000023,37155000023,817.2,1106.8,1519537.3391438855,1423216.049090487
NC,Robeson County,000024,37155000024,260.0,358.7,1521399.8825099992,1434844.6200512305
NC,Robeson County,000025,37155000025,394.8,486.1,1528663.0944088355,1424497.8269745556
NC,Robeson County,000028,37155000028,247.1,376.2,1527379.7454627114,1441246.2143369503
NC,Robeson County,000029,37155000029,605.5,307.5,1513893.215498845,1408053.9930824772
NC,Robeson County,000030,37155000030,552.2,796.7,1533464.2316738155,1433324.7190980741
NC,Robeson County,000033,37155000033,161.5,175.2,1522305.0140213124,1445210.9617465024
NC,Robeson County,000034,37155000034,252.2,549.7,1509115.2721952565,1437593.9482392464
NC,Robeson County,000035,37155000035,377.6,879.6,1513393.7379662166,1431209.62327897
NC,Robeson County,000036,37155000036,362.2,299.5,1536187.8696627405,1413243.4728645391
NC,Robeson County,000037,37155000037,71.4,323.2,1537251.5533647225,1395544.6065843487
NC,Robeson County,000038,37155000038,93.0,150.6,1523711.676628603,1409203.3723675099
NC,Robeson County,000039,37155000039,417.9,484.5,1517020.3637989096,1416286.0107207738
NC,Robeson County,000040,37155000040,176.8,162.1,1530798.2109921854,1394297.7791220197
NC,Robeson County,000041,37155000041,532.6,1388.9,1547765.9410219784,1416979.7165035722
NC,Robeson County,00005A,3715500005A,1320.8,755.8,1529794.6192289311,1404816.3924823133
NC,Robeson County,00011A,3715500011A,360.1,537.0,1532498.6113034617,1426354.9392500771
NC,Robeson County,00018A,3715500018A,542.0,631.0,1536478.1638274563,1423420.9757305786
NC,Robeson County,00026A,3715500026A,1437.7,596.8,1518731.420773749,1440633.4350417254
NC,Robeson County,00032A,3715500032A,1391.0,1477.3,1536845.7468610841,1443677.9201100802
NC,Rockingham County,0000DR,371570000DR,578.8,850.0,1440882.3708727842,1621173.6659119215
NC,Rockingham County,0000EC,371570000EC,1050.2,1488.1,1435398.6553059674,1619104.3281576375
NC,Rockingham County,0000HO,371570000HO,428.4,995.8,1425286.1961620315,1599386.8334392887
NC,Rockingham County,0000HU,371570000HU,781.3,2264.4,1418399.868318968,1593818.1131736506
NC,Rockingham County,0000IR,371570000IR,482.3,1412.8,1440061.7723340872,1593734.8256556352
NC,Rockingham County,0000LI,371570000LI,812.1,1951.7,1449390.9400755307,1616300.689498794
NC,Rockingham County,0000MA,371570000MA,893.8,1944.8,1422933.478731296,1614177.0472230604
NC,Rockingham County,0000MC,371570000MC,1600.4,1700.4,1445190.434904881,1598340.4232037985
NC,Rockingham County,0000MS,371570000MS,2993.4,2390.4,1443152.8334733585,1602340.7459403453
NC,Rockingham County,0000NB,371570000NB,626.6,1998.2,1429517.3207496163,1594912.772601337
NC,Rockingham County,0000RC,371570000RC,1223.5,2675.4,1436865.4676055007,1608565.748752292
NC,Rockingham County,0000SE,371570000SE,1208.1,1648.1,1453457.1564233413,1599808.4730581248
NC,Rockingham County,0000WS,371570000WS,1643.5,2917.6,1416744.3835753638,1607387.3505955974
NC,Rockingham County,00ED-1,3715700ED-1,1033.4,1690.1,1431432.2793655638,1618027.7282140267
NC,Rockingham County,00LK-2,3715700LK-2,920.9,1435.0,1429887.5158363082,1614903.2274041178
NC,Rowan County,000001,37159000001,228.7,1093.7,1392803.014727456,1500415.8223937768
NC,Rowan County,000002,37159000002,424.4,502.6,1377037.2128565817,1497533.8250165088
NC,Rowan County,000003,37159000003,297.5,1453.4,1384795.3081926876,1503354.335514825
NC,Rowan County,000004,37159000004,578.0,2388.8,1370366.2714374738,1504755.064640551
NC,Rowan County,000007,37159000007,478.1,910.6,1366955.869752599,1519849.5518444811
NC,Rowan County,000008,37159000008,789.2,1632.2,1379109.522364491,1509926.3870329047
NC,Rowan County,000009,37159000009,252.3,1255.7,1372724.604459272,1498676.0195038277
NC,Rowan County,000010,37159000010,498.1,1628.8,1388018.5967086498,1507360.196802812
NC,Rowan County,000011,37159000011,684.6,1313.2,1382582.0566069975,1522941.345920273
NC,Rowan County,000012,37159000012,642.0,655.5,1378964.7207302954,1519178.9354591167
NC,Rowan County,000013,37159000013,246.7,1327.5,1388139.4625683764,1499909.2267499694
NC,Rowan County,000015,37159000015,602.2,1846.9,1397014.6082743662,1513398.9311757535
NC,Rowan County,000016,37159000016,549.1,749.6,1375864.4537622791,1495943.2742518529
NC,Rowan County,000017,37159000017,563.5,1072.0,1379156.2392458753,1496067.9149404548
NC,Rowan County,000018,37159000018,490.6,64.9,1390692.720764296,1517057.7774920748
NC,Rowan County,000021,37159000021,656.8,1307.1,1379107.915031913,1515237.3252051452
NC,Rowan County,000022,37159000022,101.3,557.7,1409000.0078472737,1504378.069947772
NC,Rowan County,000023,37159000023,170.7,954.0,1403404.061429151,1507682.9580476617
NC,Rowan County,000024,37159000024,226.5,803.6,1364827.3000071878,1510984.9140686959
NC,Rowan County,000025,37159000025,462.8,2076.3,1397390.1839117669,1501482.8489895395
NC,Rowan County,000026,37159000026,251.1,1138.2,1396446.5180684126,1507006.8451813445
NC,Rowan County,000027,37159000027,245.0,680.1,1367276.2938614208,1527643.8610947062
NC,Rowan County,000028,37159000028,859.4,689.8,1390656.2833198165,1519697.885673948
NC,Rowan County,000029,37159000029,208.0,693.5,1372037.980560054,1514107.722911303
NC,Rowan County,000030,37159000030,619.4,975.7,1383600.5997372586,1509545.5267302697
NC,Rowan County,000031,37159000031,322.1,817.5,1396457.2528579938,1519290.9967611441
NC,Rowan County,000032,37159000032,343.0,820.6,1375508.7213506496,1524532.014371221
NC,Rowan County,000033,37159000033,195.1,1189.5,1382446.3830473975,1499329.0471675848
NC,Rowan County,000034,37159000034,1021.5,748.0,1384530.050704742,1513191.4157552863
NC,Rowan County,000035,37159000035,590.7,255.6,1385547.3084453186,1514726.9931257174
NC,Rowan County,000036,37159000036,1213.4,713.7,1387947.9027463286,1512855.9799731772
NC,Rowan County,000038,37159000038,1195.2,604.4,1389077.5890715937,1514629.1560460385
NC,Rowan County,000039,37159000039,707.1,694.5,1385992.2969748292,1517722.8044731782
NC,Rowan County,000040,37159000040,976.3,772.2,1387461.1605717677,1516771.6693879685
NC,Rowan County,000041,37159000041,1048.2,785.2,1383870.5808562965,1517601.2879663534
NC,Rowan County,000042,37159000042,904.1,40.6,1384926.6629118512,1515698.3324624172
NC,Rowan County,000044,37159000044,306.2,1550.6,1369237.7841073568,1496297.513105832
NC,Rowan County,000045,37159000045,455.3,486.0,1387580.7866394797,1521041.9516306953
NC,Rowan County,00005A,3715900005A,761.3,2174.6,1379207.1280078422,1503790.25717008
NC,Rowan County,00014A,3715900014A,819.9,2243.4,1391753.8159272794,1508644.809840963
NC,Rowan County,00019A,3715900019A,745.5,2246.7,1376978.3391824048,1500064.2437643274
NC,Rutherford County,000011,37161000011,823.0,2967.2,1278101.5674293006,1461653.8010944806
NC,Rutherford County,000013,37161000013,1216.8,1491.7,1266902.9655610109,1459562.0027764747
NC,Rutherford County,000014,37161000014,640.7,1013.1,1270605.0207532737,1458595.8979479747
NC,Rutherford County,000018,37161000018,454.2,1091.1,1251121.7834132912,1462864.5685382802
NC,Rutherford County,000019,37161000019,315.1,1035.8,1273932.2921885808,1448841.2680199824
NC,Rutherford County,000027,37161000027,873.7,1586.4,1258606.1632727152,1461226.5643543906
NC,Rutherford County,000028,37161000028,339.6,790.8,1261702.2015154473,1463133.6009971101
NC,Rutherford County,000029,37161000029,422.8,933.9,1271291.5584847573,1454550.4772073852
NC,Rutherford County,000030,37161000030,1006.7,1261.0,1263406.2338450286,1459516.8842651332
NC,Rutherford County,000034,37161000034,220.4,835.5,1259191.0819952688,1453959.2388321743
NC,Rutherford County,00003A,3716100003A,258.4,1276.9,1271039.7577671846,1470244.9021635035
NC,Rutherford County,00004A,3716100004A,384.8,1208.7,1262517.6409502286,1473403.8212163388
NC,Rutherford County,00005A,3716100005A,469.0,1349.3,1277376.8596868764,1448650.8609191186
NC,Rutherford County,00006A,3716100006A,722.8,1093.4,1238602.440795139,1467691.512520562
NC,Rutherford County,00009A,3716100009A,456.8,1947.4,1266572.6027382165,1447722.5995821247
NC,Rutherford County,00010A,3716100010A,175.4,747.4,1275849.9720832435,1479915.836049126
NC,Rutherford County,00016A,3716100016A,423.2,1501.7,1251710.1299603523,1472210.7694195528
NC,Sampson County,00AUTR,3716300AUTR,264.5,898.8,1566951.6988028015,1476944.0227095296
NC,Sampson County,00CLCE,3716300CLCE,565.5,92.3,1589814.1427037984,1474794.964725698
NC,Sampson County,00CLEA,3716300CLEA,1244.4,742.5,1594921.401527526,1477613.4136669333
NC,Sampson County,00CLEM,3716300CLEM,298.3,750.3,1562875.741219136,1481062.606213162
NC,Sampson County,00CLNE,3716300CLNE,558.0,893.0,1590456.0576973993,1477528.8740919812
NC,Sampson County,00CLSW,3716300CLSW,468.6,596.1,1590568.8914720987,1468951.5070367977
NC,Sampson County,00CLWE,3716300CLWE,495.9,804.4,1585641.2586959295,1472015.8799865746
NC,Sampson County,00GARL,3716300GARL,502.8,363.3,1588990.4964110367,1451145.3870915212
NC,Sampson County,00GIDD,3716300GIDD,434.8,389.4,1595714.56379554,1492871.9152047224
NC,Sampson County,00HARR,3716300HARR,850.6,401.6,1604303.9715661022,1442735.7876609985
NC,Sampson County,00HERR,3716300HERR,80.5,502.0,1574605.3494847545,1483218.386198149
NC,Sampson County,00INGO,3716300INGO,447.5,394.0,1595721.862739247,1458171.98117659
NC,Sampson County,00KEEN,3716300KEEN,277.6,619.1,1589863.5118765773,1486681.1854784768
NC,Sampson County,00KFRK,3716300KFRK,551.5,737.4,1583050.3331198664,1481791.2200857953
NC,Sampson County,00LAKE,3716300LAKE,1224.2,684.7,1578796.1843423622,1466655.5210184127
NC,Sampson County,00MING,3716300MING,441.9,1311.9,1566201.863485708,1491406.6081201413
NC,Sampson County,00NGRV,3716300NGRV,369.1,674.9,1586895.2108289476,1500472.2875696586
NC,Sampson County,00PLVW,3716300PLVW,378.3,1536.8,1567779.4111987439,1499489.5714370569
NC,Sampson County,00ROSE,3716300ROSE,285.3,692.9,1570241.6922845652,1467303.0120033084
NC,Sampson County,00ROWA,3716300ROWA,492.1,652.2,1598291.1090336903,1466080.6523203163
NC,Sampson County,00SBRG,3716300SBRG,223.3,480.4,1575577.5009435767,1475806.3065268828
NC,Sampson County,00TURK,3716300TURK,427.3,392.2,1603221.196785728,1475864.9206060218
NC,Sampson County,00WBRK,3716300WBRK,297.5,813.8,1578788.9405787664,1494168.2902770285
NC,Scotland County,000003,37165000003,1014.3,977.7,1490199.7511072932,1429897.9573989876
NC,Scotland County,000004,37165000004,1167.9,1413.4,1491582.932237427,1425579.7183118223
NC,Scotland County,000007,37165000007,1230.4,749.7,1496037.8066016524,1447798.9078127618
NC,Scotland County,001-16,37165001-16,1514.1,445.6,1499701.742598128,1433812.0803171068
NC,Scotland County,002-25,37165002-25,1112.8,897.1,1496705.2284603377,1424655.1603359862
NC,Scotland County,005-10,37165005-10,575.2,677.8,1482775.9858815523,1429027.7564477168
NC,Scotland County,006-89,37165006-89,756.1,1247.1,1486612.550485059,1444027.8096290934
NC,Stanly County,000003,37167000003,754.5,878.8,1417980.2723517944,1485767.9696872446
NC,Stanly County,000007,37167000007,618.4,938.2,1420177.0115909083,1485376.4625356595
NC,Stanly County,000008,37167000008,979.9,203.1,1418560.1400187789,1483738.7989727706
NC,Stanly County,000010,37167000010,311.0,583.3,1415974.8998844703,1482815.7801065166
NC,Stanly County,000011,37167000011,272.9,740.6,1416616.435769136,1488508.1647093487
NC,Stanly County,000013,37167000013,300.8,1008.7,1417711.9053509913,1480119.4921133006
NC,Stanly County,000014,37167000014,179.3,582.4,1424981.4590514328,1482919.424699497
NC,Stanly County,000015,37167000015,394.2,595.9,1425110.1388544834,1489139.6980184333
NC,Stanly County,000016,37167000016,292.0,624.8,1420588.0116356362,1492977.990534536
NC,Stanly County,000017,37167000017,323.3,1143.1,1415363.2488281734,1495196.4149886856
NC,Stanly County,000018,37167000018,244.8,635.7,1409628.014378716,1497624.7957590523
NC,Stanly County,000019,37167000019,212.7,1002.6,1407118.1105666112,1490197.0601759548
NC,Stanly County,000020,37167000020,285.6,1591.7,1405310.9333318346,1481628.4131557874
NC,Stanly County,000021,37167000021,158.1,895.5,1411503.8151976962,1476914.9623721337
NC,Stanly County,000022,37167000022,328.3,1118.0,1410259.2464848144,1467461.010555575
NC,Stanly County,000023,37167000023,337.4,1794.2,1405667.4577817349,1470874.512881718
NC,Stanly County,000024,37167000024,444.1,2108.4,1399674.1826030111,1473323.96436342
NC,Stanly County,000025,37167000025,361.0,1857.9,1398866.777208927,1464374.262102335
NC,Stanly County,000026,37167000026,285.0,950.9,1418492.5531674775,1469453.7133206017
NC,Stanly County,000027,37167000027,513.4,1323.5,1426088.8760756466,1474653.1289683287
NC,Stanly County,000028,37167000028,399.4,590.3,1426683.3673722637,1468757.2996370657
NC,Stanly County,000212,37167000212,423.6,1137.1,1413624.569079332,1486740.2931198785
NC,Stokes County,000001,37169000001,147.4,450.6,1396074.4959228206,1600581.5295043667
NC,Stokes County,000002,37169000002,307.5,965.6,1403993.8446945713,1611889.2209338003
NC,Stokes County,000003,37169000003,172.3,776.0,1393123.9992501845,1609113.060185399
NC,Stokes County,000004,37169000004,309.5,1194.6,1383409.9385842402,1587420.224062224
NC,Stokes County,000007,37169000007,119.1,306.8,1381856.8792184156,1603226.2042310808
NC,Stokes County,000008,37169000008,198.4,822.9,1382739.002252759,1599155.155812639
NC,Stokes County,000009,37169000009,365.7,1166.0,1379514.7453830733,1590504.770746813
NC,Stokes County,000010,37169000010,621.0,1910.9,1387646.6419984398,1584795.4191462945
NC,Stokes County,000011,37169000011,628.2,1930.3,1383078.724739031,1583502.8743094036
NC,Stokes County,000012,37169000012,299.6,1094.9,1386825.462164281,1593794.5276893051
NC,Stokes County,000013,37169000013,260.9,1004.7,1390667.8776743144,1586749.0682349633
NC,Stokes County,000014,37169000014,353.1,1298.7,1397545.2989914112,1594694.243916641
NC,Stokes County,000015,37169000015,280.1,866.6,1396307.1186933103,1587613.3822734924
NC,Stokes County,000017,37169000017,366.2,851.7,1402326.0622099505,1588508.4827959286
NC,Stokes County,000020,37169000020,251.7,745.4,1407584.0587448527,1603052.8976461228
NC,Stokes County,000506,37169000506,291.6,827.2,1381554.883959211,1609388.6322441169
NC,Stokes County,001618,37169001618,598.2,906.1,1406555.242842108,1590831.0737608036
NC,Stokes County,001819,37169001819,271.7,553.5,1410958.6745412599,1593350.399482013
NC,Surry County,000001,37171000001,320.5,1156.3,1337653.5182010084,1590837.5926701801
NC,Surry County,000004,37171000004,394.3,953.9,1352488.6362051733,1588259.3732257092
NC,Surry County,000005,37171000005,281.7,1438.5,1362420.9062981948,1593170.0426583844
NC,Surry County,000009,37171000009,257.7,859.7,1338459.5976243613,1601426.7796999575
NC,Surry County,000010,37171000010,145.4,680.4,1367547.9036579654,1596926.2212326578
NC,Surry County,000011,37171000011,329.0,788.6,1350964.680892241,1581779.4175722615
NC,Surry County,000012,37171000012,544.8,882.6,1360502.7684428175,1604401.5627226562
NC,Surry County,000013,37171000013,401.7,589.9,1360579.745555683,1607458.8507170482
NC,Surry County,000015,37171000015,383.9,947.1,1364343.0060252629,1608895.1107715773
NC,Surry County,000016,37171000016,235.0,793.0,1364469.991467611,1603666.5670641912
NC,Surry County,000017,37171000017,259.1,697.5,1361282.9892628451,1600233.973635244
NC,Surry County,000018,37171000018,395.5,1206.6,1356657.129593822,1601914.698034185
NC,Surry County,000019,37171000019,568.8,1307.6,1355468.363428206,1607824.7111221745
NC,Surry County,000022,37171000022,233.0,687.2,1359669.3933268762,1583334.308175847
NC,Surry County,000023,37171000023,212.2,570.9,1373543.663842794,1584787.0499041525
NC,Surry County,000024,37171000024,115.5,427.1,1366599.4080838664,1585106.6679440415
NC,Surry County,000025,37171000025,323.4,1032.3,1345017.1897739,1602484.9272939293
NC,Surry County,000026,37171000026,430.2,1575.7,1349714.3230860094,1606060.0454670817
NC,Surry County,000027,37171000027,234.5,848.8,1371095.3213377644,1607676.0320452019
NC,Surry County,000028,37171000028,164.3,515.8,1370112.2501927807,1601563.03328058
NC,Surry County,000029,37171000029,629.1,1535.7,1351177.5187180254,1594842.3874432722
NC,Surry County,000030,37171000030,1106.2,2023.9,1344422.8720178977,1578200.0505128312
NC,Surry County,000031,37171000031,843.6,1443.3,1359206.695317457,1609458.2387797711
NC,Surry County,000032,37171000032,480.8,1035.2,1372957.5145277171,1593569.5728758248
NC,Swain County,000BC1,37173000BC1,780.2,1266.4,1121468.7254930013,1452817.1690138995
NC,Swain County,000BC2,37173000BC2,471.7,674.7,1126934.2424007633,1458248.9660939737
NC,Swain County,00WHCH,3717300WHCH,895.6,667.7,1138355.4133197314,1466102.962018187
NC,Swain County,ALARKA,37173ALARKA,202.8,355.2,1130265.8164760733,1441416.671603081
NC,Swain County,ALMOND,37173ALMOND,343.3,606.4,1107201.3964467263,1448830.3568798536
NC,Transylvania County,0000B1,371750000B1,802.8,507.7,1193518.5917245573,1434342.770390415
NC,Transylvania County,0000B2,371750000B2,674.4,435.3,1191048.2184104181,1436076.257119947
NC,Transylvania County,0000B3,371750000B3,797.9,662.5,1191789.9822887564,1438760.2486599365
NC,Transylvania County,0000B4,371750000B4,686.2,452.1,1194877.971384535,1436500.2192518085
NC,Transylvania County,0000BD,371750000BD,690.3,1212.8,1194324.6875501992,1448025.7723680136
NC,Transylvania County,0000CC,371750000CC,559.9,1146.9,1188080.0914704928,1432501.5547928943
NC,Transylvania County,0000CM,371750000CM,296.3,319.8,1202980.240737218,1429404.547078754
NC,Transylvania County,0000DR,371750000DR,940.2,964.8,1195757.025315911,1429773.4988138664
NC,Transylvania County,0000EF,371750000EF,332.5,413.6,1193780.1258968895,1422985.2545079999
NC,Transylvania County,0000LR,371750000LR,424.8,806.7,1202102.5547237834,1437079.8269378091
NC,Transylvania County,0000PF,371750000PF,335.3,559.9,1188422.9162410037,1442634.6319860155
NC,Transylvania County,0000RE,371750000RE,312.6,1032.6,1185587.7296616754,1421194.1772046296
NC,Transylvania County,0000WC,371750000WC,575.6,704.9,1197666.6761163285,1435629.0698981285
NC,Transylvania County,000TC1,37175000TC1,102.6,527.5,1179182.568382942,1432394.2388460238
NC,Transylvania County,000TC7,37175000TC7,335.8,878.8,1175447.1097346018,1418554.7374328345
NC,Tyrrell County,000001,37177000001,125.2,23.1,1769461.440286303,1621436.5438022728
NC,Tyrrell County,000002,37177000002,379.0,530.5,1753435.7041445682,1615167.0384806427
NC,Tyrrell County,000003,37177000003,110.7,164.9,1764471.6162562661,1596752.259859512
NC,Tyrrell County,000014,37177000014,10.5,42.9,1761336.5224264918,1584642.4621576318
NC,Tyrrell County,000015,37177000015,154.8,156.2,1747038.4753252321,1610685.5264444752
NC,Tyrrell County,000016,37177000016,9.7,18.7,1747345.5591194686,1593327.9057883176
NC,Union County,000001,37179000001,451.3,203.0,1391708.9236425373,1439937.0743096687
NC,Union County,000002,37179000002,782.6,468.9,1392726.9849157722,1436715.8072783337
NC,Union County,000003,37179000003,451.6,330.8,1394764.94202239,1436761.4335772817
NC,Union County,000004,37179000004,667.6,148.2,1396144.0679047557,1439442.417124977
NC,Union County,000005,37179000005,873.7,1366.2,1386531.9810954747,1441788.8117803915
NC,Union County,000006,37179000006,324.8,1034.2,1393021.7786889453,1444223.0327745688
NC,Union County,000007,37179000007,908.3,1550.8,1388265.3954607057,1431900.1055425417
NC,Union County,000008,37179000008,1065.6,690.9,1401002.350705616,1440134.1610301319
NC,Union County,000009,37179000009,632.5,352.4,1408762.1986011378,1441448.8364384829
NC,Union County,000010,37179000010,581.9,266.5,1391997.571537108,1438117.8319691238
NC,Union County,000011,37179000011,287.9,1798.4,1406677.9283768265,1456864.925968711
NC,Union County,000012,37179000012,281.8,1761.2,1393803.83423804,1456769.3558221185
NC,Union County,000013,37179000013,306.9,1832.1,1395700.8551380616,1451113.816702373
NC,Union County,000014,37179000014,373.5,719.2,1381973.375824074,1445807.101473663
NC,Union County,000015,37179000015,1284.7,1790.0,1377788.2601218005,1447111.3915112729
NC,Union County,000016,37179000016,1392.2,2487.7,1384538.4038093127,1450408.608008349
NC,Union County,000018,37179000018,767.2,1545.7,1375513.816298968,1442049.0657992533
NC,Union County,000019,37179000019,1547.3,2894.9,1382396.8854192947,1432469.2754360328
NC,Union County,000021,37179000021,405.7,1456.0,1385083.150025036,1423612.3196922336
NC,Union County,000022,37179000022,388.1,1563.6,1378077.398530246,1420290.8963740165
NC,Union County,000023,37179000023,494.2,1107.7,1393216.9087617362,1432805.9827030816
NC,Union County,000024,37179000024,385.1,1400.3,1394845.105794256,1424638.3149929603
NC,Union County,000025,37179000025,360.6,996.5,1400234.8848223006,1432986.3219692586
NC,Union County,000026,37179000026,331.9,1079.1,1409034.7835403287,1426534.8273450993
NC,Union County,000027,37179000027,320.4,1089.6,1409168.5748787285,1436354.4186505403
NC,Union County,000030,37179000030,1270.9,2018.3,1388831.416004787,1443468.486994733
NC,Union County,000031,37179000031,1085.6,1580.1,1385334.9841550116,1437378.4740185966
NC,Union County,000032,37179000032,735.7,1793.8,1387123.8236651628,1457695.3466983289
NC,Union County,000033,37179000033,613.0,1216.9,1376722.0461883193,1425409.581590633
NC,Union County,000034,37179000034,705.5,1902.5,1399846.7480470657,1445670.9501297167
NC,Union County,000035,37179000035,474.4,955.6,1383984.4338843212,1453722.3467835498
NC,Union County,000036,37179000036,434.8,1073.7,1409332.8335276418,1446870.9075280926
NC,Union County,000039,37179000039,415.2,1389.7,1389385.381554118,1448748.3388407624
NC,Union County,000040,37179000040,1084.1,1911.3,1377953.4586620405,1443180.4599679231
NC,Union County,000041,37179000041,1137.4,2131.0,1373804.9299921622,1438601.4920045347
NC,Union County,000042,37179000042,533.4,941.3,1387221.956008359,1439227.5100796656
NC,Union County,000043,37179000043,508.0,92.8,1393785.533740225,1438752.7817247247
NC,Union County,00017A,3717900017A,808.2,1569.8,1381850.4315405772,1439388.8569298445
NC,Union County,00017B,3717900017B,1228.6,2267.4,1378369.803730647,1438079.140409169
NC,Union County,00020A,3717900020A,1602.5,2046.1,1374768.9649322324,1429227.3576845857
NC,Union County,00020B,3717900020B,1157.2,2256.6,1377614.1475995898,1432872.014291116
NC,Union County,00028A,3717900028A,1577.6,2460.3,1371495.9681533794,1434778.9996517547
NC,Union County,00028B,3717900028B,1222.4,1847.2,1368477.7908543663,1437311.6267304453
NC,Union County,00028C,3717900028C,1111.3,1741.5,1370625.1902791404,1437743.1086538523
NC,Union County,00028D,3717900028D,1451.6,2089.2,1372903.571742918,1432425.1928696344
NC,Union County,00029A,3717900029A,1736.7,1858.8,1381871.0207046214,1442654.1505708466
NC,Union County,00029B,3717900029B,482.0,806.6,1381014.721841365,1444005.0081672298
NC,Union County,00029C,3717900029C,686.0,1268.7,1379563.343902794,1444137.9996342252
NC,Union County,00037A,3717900037A,1673.0,2291.0,1381453.3822136235,1450915.194118169
NC,Union County,00037B,3717900037B,383.4,856.8,1381871.318720643,1453139.3760944447
NC,Union County,00038A,3717900038A,1114.9,1497.2,1384273.918429307,1446789.9617394586
NC,Union County,00038B,3717900038B,715.8,1118.3,1383229.1874883762,1448359.323490331
NC,Vance County,0000CC,371810000CC,896.0,1005.2,1549488.0729612294,1617837.8463166829
NC,Vance County,0000NH,371810000NH,1479.5,942.3,1550786.791138344,1634472.836675387
NC,Vance County,0000NV,371810000NV,680.2,286.2,1557510.421829055,1623617.2308797345
NC,Vance County,0000WH,371810000WH,1623.7,1111.1,1553259.2156316063,1620952.5839426352
NC,Vance County,000EH1,37181000EH1,1196.2,72.0,1557476.6082028355,1619973.2499484615
NC,Vance County,000NH1,37181000NH1,1126.3,104.2,1555893.9906245295,1620794.9928327643
NC,Vance County,000SH1,37181000SH1,949.9,223.5,1556609.5019340098,1618473.9691636672
NC,Vance County,000SH2,37181000SH2,331.9,144.3,1558050.473712483,1616662.2860460193
NC,Vance County,00HTOP,3718100HTOP,362.5,129.9,1554724.568828119,1615882.3347504504
NC,Vance County,00KITT,3718100KITT,1253.4,1362.0,1555377.9840733572,1608161.6437542092
NC,Vance County,00MIDD,3718100MIDD,1214.9,793.6,1559834.7500056706,1632383.9465611186
NC,Vance County,00SCRK,3718100SCRK,1564.5,1163.3,1563183.1846099815,1618427.7794706966
NC,Wake County,001-01,37183001-01,1277.9,359.9,1544138.6714320842,1556886.9696985197
NC,Wake County,001-02,37183001-02,1224.8,416.8,1542725.7131139543,1557024.2421403169
NC,Wake County,001-03,37183001-03,1069.6,722.2,1543925.753407184,1558288.5849712528
NC,Wake County,001-04,37183001-04,517.4,311.6,1544646.6911961075,1559047.7001906098
NC,Wake County,001-05,37183001-05,579.7,425.5,1545250.549988834,1557977.7111335527
NC,Wake County,001-06,37183001-06,1812.2,618.3,1545459.1417064057,1557013.5707728742
NC,Wake County,001-07,37183001-07,1730.6,484.9,1545744.80982545,1556168.1740347552
NC,Wake County,001-09,37183001-09,827.4,237.3,1546276.891209036,1558233.1752374733
NC,Wake County,001-10,37183001-10,1086.6,524.6,1545944.5465005015,1559148.2893495744
NC,Wake County,001-11,37183001-11,948.3,976.1,1544641.4008059432,1560527.3064556855
NC,Wake County,001-12,37183001-12,1075.0,558.5,1547241.1777981026,1559660.9074614807
NC,Wake County,001-13,37183001-13,1111.1,231.5,1548273.0797231635,1558605.8692117187
NC,Wake County,001-14,37183001-14,2572.2,511.9,1547188.655026579,1557097.4801286268
NC,Wake County,001-15,37183001-15,1060.9,732.8,1546033.6723784513,1562452.7896930096
NC,Wake County,001-16,37183001-16,1697.0,758.1,1541285.1311151648,1558772.3847344262
NC,Wake County,001-17,37183001-17,504.9,439.8,1544847.0537958776,1562412.1127611157
NC,Wake County,001-18,37183001-18,1487.9,782.3,1547641.9804901301,1562395.9128609265
NC,Wake County,001-19,37183001-19,1334.4,62.2,1550174.307594124,1555588.8266571828
NC,Wake County,001-20,37183001-20,1904.4,240.3,1548671.4134422375,1555230.9161021216
NC,Wake County,001-21,37183001-21,2410.6,829.1,1546725.9734591288,1551323.4971651887
NC,Wake County,001-22,37183001-22,2977.4,156.2,1551028.4419610803,1552485.6247566326
NC,Wake County,001-23,37183001-23,3130.1,1097.4,1544148.6986864754,1554894.3480517827
NC,Wake County,001-25,37183001-25,432.4,39.9,1546801.8772670345,1554421.6446027667
NC,Wake County,001-26,37183001-26,1695.3,103.7,1548411.6812112813,1554588.6788109767
NC,Wake County,001-27,37183001-27,1433.2,261.9,1546157.7801800172,1553998.4430326263
NC,Wake County,001-28,37183001-28,2956.3,482.4,1549792.7117960376,1558176.6538058764
NC,Wake County,001-29,37183001-29,1248.3,907.5,1543052.912617493,1559678.133837421
NC,Wake County,001-30,37183001-30,690.5,465.5,1543885.4688098754,1562723.7361444891
NC,Wake County,001-31,37183001-31,2184.4,477.0,1541716.5692365617,1555451.1242282214
NC,Wake County,001-32,37183001-32,1569.7,523.4,1539423.1641777444,1553768.7774179818
NC,Wake County,001-33,37183001-33,906.8,440.7,1542172.00329371,1558623.3073570093
NC,Wake County,001-34,37183001-34,1130.2,56.9,1548528.403181117,1556692.9617843344
NC,Wake County,001-35,37183001-35,1611.7,72.5,1548252.9653734034,1553119.4213036404
NC,Wake County,001-36,37183001-36,1197.1,1006.7,1546228.1399127853,1560996.1070359626
NC,Wake County,001-37,37183001-37,961.0,663.2,1545588.815792263,1563541.556681801
NC,Wake County,001-38,37183001-38,1349.9,515.7,1549590.4384545353,1561614.1885996242
NC,Wake County,001-39,37183001-39,1548.6,633.6,1544244.8199437277,1564554.8192202405
NC,Wake County,001-40,37183001-40,2997.7,206.8,1551761.8969986401,1555644.7101064313
NC,Wake County,001-41,37183001-41,1350.4,373.8,1541766.2171784667,1553769.1021101454
NC,Wake County,001-42,37183001-42,1221.6,1215.4,1547512.3374485427,1566895.3617919977
NC,Wake County,001-43,37183001-43,1325.4,546.2,1546543.5995096501,1564925.3510424416
NC,Wake County,001-44,37183001-44,2070.5,887.4,1547866.5404492647,1565004.4444428368
NC,Wake County,001-45,37183001-45,915.5,561.1,1545423.6303112863,1566217.379384065
NC,Wake County,001-46,37183001-46,1905.2,314.9,1549420.57556635,1563303.831967492
NC,Wake County,001-47,37183001-47,1035.6,888.4,1546905.644766621,1568540.5551929558
NC,Wake County,001-48,37183001-48,1537.8,441.8,1540693.6257115956,1553919.2403754944
NC,Wake County,001-49,37183001-49,1816.4,559.9,1538157.3415622166,1554389.5446446622
NC,Wake County,001-50,37183001-50,2165.9,144.9,1549720.4315862192,1551537.445972466
NC,Wake County,001-51,37183001-51,578.1,387.8,1545839.4223461442,1564458.8158039257
NC,Wake County,002-01,37183002-01,1445.6,1307.7,1541602.655098736,1570471.4440696477
NC,Wake County,002-02,37183002-02,2341.1,2648.8,1539562.4772482098,1576290.1546154094
NC,Wake County,002-03,37183002-03,1185.4,1440.7,1543538.9553550163,1575848.3329643598
NC,Wake County,002-04,37183002-04,963.1,1158.8,1546772.6554870151,1573134.5914812007
NC,Wake County,002-05,37183002-05,466.4,458.9,1539995.090536125,1572300.965846539
NC,Wake County,002-06,37183002-06,1029.0,1303.2,1545050.810529128,1569847.8195267923
NC,Wake County,003-00,37183003-00,2274.8,2060.7,1523296.913669152,1537898.6636812252
NC,Wake County,004-01,37183004-01,1216.4,627.9,1533498.6511646335,1553379.0171047358
NC,Wake County,004-02,37183004-02,1418.0,762.6,1535785.4395823765,1553915.845273384
NC,Wake County,004-03,37183004-03,1160.2,539.8,1537271.499999402,1552997.355525499
NC,Wake County,004-04,37183004-04,916.3,477.1,1533911.2482441275,1552138.795214667
NC,Wake County,004-05,37183004-05,2029.0,1085.7,1536180.9694944809,1558605.463319631
NC,Wake County,004-06,37183004-06,1606.1,946.4,1535401.9216093223,1550740.1015468475
NC,Wake County,004-07,37183004-07,1226.0,1272.7,1533714.0826860382,1549616.3108183977
NC,Wake County,004-08,37183004-08,1474.1,593.6,1532515.0240806038,1556397.6589419164
NC,Wake County,004-09,37183004-09,1251.4,911.0,1530936.2064014683,1554501.2231675452
NC,Wake County,004-10,37183004-10,1502.3,905.0,1531361.7681346526,1550757.9493753063
NC,Wake County,004-11,37183004-11,920.4,368.0,1534686.5778198598,1554974.016424966
NC,Wake County,004-12,37183004-12,1488.2,939.1,1536765.545507656,1551390.4344026966
NC,Wake County,004-13,37183004-13,2451.3,1493.4,1529392.754756085,1551929.3719372202
NC,Wake County,004-14,37183004-14,921.0,568.0,1532269.836666986,1551338.0790144843
NC,Wake County,004-15,37183004-15,1376.8,747.3,1531363.065722441,1552881.1567589482
NC,Wake County,004-16,37183004-16,1215.1,600.5,1533355.3677533604,1551151.2195772189
NC,Wake County,004-17,37183004-17,1090.7,500.2,1533279.3828067286,1557372.8691065784
NC,Wake County,004-18,37183004-18,1534.1,787.6,1532773.319565934,1558664.9410310406
NC,Wake County,004-19,37183004-19,978.4,561.7,1530080.5597770119,1552427.929543305
NC,Wake County,004-20,37183004-20,1754.2,836.7,1532922.5393024602,1554592.4005351912
NC,Wake County,004-21,37183004-21,1073.0,394.7,1534595.1225199287,1556015.861887946
NC,Wake County,005-01,37183005-01,2160.7,1301.6,1528789.0835881955,1555852.906692512
NC,Wake County,005-03,37183005-03,1945.4,1310.9,1530709.3311987831,1557281.4111595757
NC,Wake County,005-05,37183005-05,4034.3,1964.2,1531686.9830087165,1564162.1646813964
NC,Wake County,005-06,37183005-06,2639.3,1667.6,1526933.8263540813,1555315.5179015617
NC,Wake County,005-07,37183005-07,4089.2,1648.8,1525861.3773384916,1558852.098028275
NC,Wake County,005-08,37183005-08,2052.0,754.4,1528238.816580337,1560394.6901003015
NC,Wake County,006-04,37183006-04,1877.4,1331.9,1533812.9181567791,1537335.1389937892
NC,Wake County,006-05,37183006-05,1258.8,1560.0,1535528.19955249,1538605.8122017472
NC,Wake County,006-06,37183006-06,2738.4,2256.4,1533248.6156112812,1540495.6054603436
NC,Wake County,006-07,37183006-07,1626.9,1252.2,1535236.2012931684,1542448.9245653187
NC,Wake County,006-08,37183006-08,1167.6,802.0,1531601.2393970347,1539719.1419222774
NC,Wake County,006-09,37183006-09,2613.3,2652.9,1529200.2919454793,1539050.812274005
NC,Wake County,006-10,37183006-10,1358.4,1513.9,1529849.2526742588,1532438.879063167
NC,Wake County,007-01,37183007-01,986.3,462.7,1540035.7856124304,1562366.847117403
NC,Wake County,007-02,37183007-02,907.0,560.1,1540807.4316489922,1564581.8200970588
NC,Wake County,007-03,37183007-03,852.0,559.0,1542132.7059775395,1564552.2368518
NC,Wake County,007-04,37183007-04,2438.9,1035.4,1543528.1400396277,1565648.928514533
NC,Wake County,007-05,37183007-05,990.7,585.5,1545025.8327798294,1567565.081357026
NC,Wake County,007-06,37183007-06,1767.4,1325.6,1542256.0345705615,1568029.2089170113
NC,Wake County,007-07,37183007-07,2226.5,1398.7,1541110.6818945354,1566478.0954210267
NC,Wake County,007-09,37183007-09,2004.9,1084.6,1542678.159066967,1562690.2536949145
NC,Wake County,007-10,37183007-10,2847.5,1362.2,1536083.435064218,1563807.0424762177
NC,Wake County,007-11,37183007-11,623.5,430.9,1542361.336532212,1566190.7487993606
NC,Wake County,007-12,37183007-12,1445.2,666.6,1540528.9590126816,1563321.1616344943
NC,Wake County,007-13,37183007-13,1230.3,699.9,1543728.2095374123,1567675.1217460304
NC,Wake County,008-02,37183008-02,2146.3,1308.0,1538320.1188960997,1567215.8899155634
NC,Wake County,008-03,37183008-03,2809.0,1695.6,1534525.3885851905,1568630.635233367
NC,Wake County,008-04,37183008-04,802.6,747.8,1537034.025618738,1573152.0918359894
NC,Wake County,008-05,37183008-05,1048.4,825.0,1539881.7376255605,1567811.03367594
NC,Wake County,008-06,37183008-06,1377.1,437.0,1539974.811138135,1565842.5930170363
NC,Wake County,008-07,37183008-07,1166.3,1127.6,1538591.6759390493,1570325.8330340767
NC,Wake County,008-08,37183008-08,2161.1,1619.4,1535295.1702471387,1570771.9637879455
NC,Wake County,008-09,37183008-09,1072.5,592.7,1538852.848505309,1564697.2636337602
NC,Wake County,008-10,37183008-10,1506.8,839.9,1537642.1703979473,1565916.4367055877
NC,Wake County,008-11,37183008-11,2195.4,1218.4,1535626.2201939696,1566555.105620848
NC,Wake County,009-01,37183009-01,896.1,1034.3,1567528.4172104863,1571633.5229376918
NC,Wake County,009-02,37183009-02,1771.8,990.4,1574908.7836520944,1564706.7251374812
NC,Wake County,009-03,37183009-03,1317.5,1414.6,1574472.9753839273,1569260.2000883631
NC,Wake County,010-01,37183010-01,389.5,684.2,1564190.9754035145,1563415.8218612266
NC,Wake County,010-02,37183010-02,1740.8,1385.2,1568419.73087703,1564535.0452542396
NC,Wake County,010-03,37183010-03,1260.5,939.6,1571177.7111346514,1560417.05297186
NC,Wake County,010-04,37183010-04,3780.4,2458.8,1565800.8686229184,1556218.501446518
NC,Wake County,011-01,37183011-01,2924.1,1434.6,1538926.4386282791,1557691.2129479013
NC,Wake County,011-02,37183011-02,2452.9,1349.0,1540621.942825887,1560884.9111389697
NC,Wake County,012-01,37183012-01,2137.4,2911.6,1540307.1791851425,1534908.4098145547
NC,Wake County,012-02,37183012-02,2023.9,1796.3,1536055.6577804391,1529315.1876213665
NC,Wake County,012-04,37183012-04,1396.1,2390.9,1543845.3508669047,1530183.5562477405
NC,Wake County,012-05,37183012-05,3080.2,3391.7,1539851.8687755356,1539228.1561397158
NC,Wake County,012-06,37183012-06,1511.3,1774.5,1539415.9068864651,1529658.1271401101
NC,Wake County,012-07,37183012-07,1056.4,1301.8,1544098.4850003147,1537103.469332649
NC,Wake County,012-08,37183012-08,2103.3,1658.7,1534353.8857644305,1532553.354979182
NC,Wake County,012-09,37183012-09,1810.2,2084.3,1536721.7931310404,1535006.0215446702
NC,Wake County,013-01,37183013-01,3189.0,795.1,1552913.7154365429,1565408.0980473112
NC,Wake County,013-02,37183013-02,1001.9,773.5,1548342.1425406397,1569833.7754389078
NC,Wake County,013-05,37183013-05,1306.0,434.5,1549510.5720268888,1566704.7790524065
NC,Wake County,013-06,37183013-06,1656.7,1042.7,1549716.1792906919,1568990.748164198
NC,Wake County,013-07,37183013-07,1421.3,551.6,1551719.496271098,1566146.0505052856
NC,Wake County,013-08,37183013-08,1752.6,420.4,1551785.7946733763,1567790.944377641
NC,Wake County,013-09,37183013-09,2748.6,782.8,1552778.5808157113,1569872.2997524475
NC,Wake County,013-10,37183013-10,2886.9,2125.6,1550215.5926863342,1571934.1113246277
NC,Wake County,013-11,37183013-11,1479.6,1256.4,1548834.152872474,1571685.9146452036
NC,Wake County,014-01,37183014-01,293.1,447.5,1536433.78876931,1584048.752158053
NC,Wake County,014-02,37183014-02,2131.7,3434.0,1545601.159245989,1580810.3694836157
NC,Wake County,015-01,37183015-01,1522.8,2045.0,1552380.8197495523,1538411.4107679434
NC,Wake County,015-02,37183015-02,2234.4,2252.4,1546875.9009707356,1540832.8326833907
NC,Wake County,015-03,37183015-03,1610.2,2414.6,1548392.438623333,1533862.0600628832
NC,Wake County,015-04,37183015-04,897.7,1051.6,1549494.437705488,1542339.2818387242
NC,Wake County,016-01,37183016-01,1214.6,1090.8,1558460.551602924,1547760.7397141398
NC,Wake County,016-02,37183016-02,3100.2,656.1,1551364.1090163623,1550231.3948725692
NC,Wake County,016-03,37183016-03,803.5,435.3,1548761.2825213599,1547802.2223975025
NC,Wake County,016-04,37183016-04,1292.1,988.1,1551166.2175050543,1544973.9324756763
NC,Wake County,016-05,37183016-05,1393.1,1162.4,1547040.5799587185,1546649.29546947
NC,Wake County,016-06,37183016-06,781.4,367.0,1550444.1870675932,1547573.1557499266
NC,Wake County,016-07,37183016-07,1663.4,1159.2,1549340.0437798142,1545437.7557870934
NC,Wake County,016-09,37183016-09,2013.4,1149.3,1554492.2738994944,1543406.566591468
NC,Wake County,016-10,37183016-10,2420.3,357.1,1557024.281837087,1552194.4607230695
NC,Wake County,016-11,37183016-11,3077.4,530.7,1555274.0919361315,1550425.8316151637
NC,Wake County,017-01,37183017-01,1595.6,574.8,1550813.697950563,1560037.95206746
NC,Wake County,017-02,37183017-02,618.9,470.2,1561422.27751638,1559332.3918313906
NC,Wake County,017-03,37183017-03,3749.0,1495.4,1554165.2904245066,1561007.7898278795
NC,Wake County,017-04,37183017-04,3915.7,1900.7,1558817.4534945735,1563646.331042554
NC,Wake County,017-05,37183017-05,2388.3,838.3,1552469.556690074,1560882.4747262574
NC,Wake County,017-06,37183017-06,1002.0,859.8,1560003.1312667364,1554679.9896660845
NC,Wake County,017-07,37183017-07,2537.9,431.4,1554236.5584038184,1557109.1831568643
NC,Wake County,017-09,37183017-09,2699.1,270.4,1554390.4833884682,1554473.6635477468
NC,Wake County,017-10,37183017-10,682.0,330.8,1551319.5638017568,1562439.2399178527
NC,Wake County,017-11,37183017-11,2662.9,812.5,1552945.5609084337,1563898.7433940854
NC,Wake County,017-12,37183017-12,2029.6,813.9,1557909.6642272896,1557037.0359355467
NC,Wake County,017-13,37183017-13,2257.7,1101.0,1557467.0606331744,1558712.029765114
NC,Wake County,018-01,37183018-01,2922.4,900.7,1543340.5904861062,1551657.9476038853
NC,Wake County,018-02,37183018-02,1924.2,2230.2,1538423.5631488352,1543808.523365459
NC,Wake County,018-03,37183018-03,1223.4,837.1,1536511.054473315,1548860.1109144874
NC,Wake County,018-04,37183018-04,1594.3,1479.4,1543061.960186607,1547732.0772351779
NC,Wake County,018-05,37183018-05,2424.7,1965.1,1536302.8774690556,1545938.6238169693
NC,Wake County,018-06,37183018-06,2281.9,959.7,1541281.617768998,1550384.2562943555
NC,Wake County,018-07,37183018-07,1388.3,1705.5,1542112.8956306784,1543244.594400673
NC,Wake County,018-08,37183018-08,2128.8,1316.0,1538308.9886135904,1550061.832277759
NC,Wake County,019-03,37183019-03,1231.4,1316.1,1553881.822420531,1581682.5233274489
NC,Wake County,019-05,37183019-05,1148.5,1613.5,1551154.937352199,1581311.7632678335
NC,Wake County,019-07,37183019-07,1534.4,1455.9,1556623.936179601,1580598.2913048414
NC,Wake County,019-09,37183019-09,1753.0,2115.8,1561761.1630851754,1575225.2589242586
NC,Wake County,019-11,37183019-11,1410.6,1284.9,1552704.5561248043,1578051.5010341736
NC,Wake County,019-12,37183019-12,2765.7,2572.1,1554083.9084581425,1576192.0404624948
NC,Wake County,019-13,37183019-13,1122.5,716.3,1551056.111504575,1574064.454309549
NC,Wake County,019-14,37183019-14,1309.0,1126.9,1550992.6961111398,1576103.9141980405
NC,Wake County,019-15,37183019-15,1201.8,1172.8,1550688.9951395302,1577646.4032103552
NC,Wake County,019-16,37183019-16,1252.5,1060.7,1558226.3430732542,1568940.560671989
NC,Wake County,019-17,37183019-17,2936.4,1365.5,1555392.4602924422,1568195.9931473162
NC,Wake County,019-18,37183019-18,1403.1,1416.1,1558383.7674294494,1577878.629681803
NC,Wake County,019-19,37183019-19,2239.7,2509.4,1557333.80044094,1575378.735629362
NC,Wake County,019-20,37183019-20,1801.2,1608.8,1554408.7852271704,1572675.1705551466
NC,Wake County,019-21,37183019-21,2017.5,1519.6,1556088.6887050013,1572033.706737201
NC,Wake County,020-01,37183020-01,1825.9,1184.8,1532103.9458685524,1544477.2144024386
NC,Wake County,020-03,37183020-03,1906.9,1460.5,1530146.5455350687,1548830.189168118
NC,Wake County,020-04,37183020-04,1910.3,1123.7,1528000.5764894362,1551131.7832359432
NC,Wake County,020-05,37183020-05,1928.9,1566.8,1534119.5811254792,1546906.544055404
NC,Wake County,020-08,37183020-08,2269.2,1724.8,1527876.8620257203,1548837.3496337107
NC,Wake County,020-09,37183020-09,1395.7,1013.4,1531950.2359785873,1547817.9693236921
NC,Wake County,020-10,37183020-10,1755.9,996.6,1527019.5513882302,1552797.7359890398
NC,Wake County,020-11,37183020-11,2144.8,1698.3,1522763.7106649592,1545951.7711192595
NC,Wake County,020-12,37183020-12,2041.4,1496.2,1523639.2139710335,1548796.7928473935
NC,Wake County,020-14,37183020-14,3436.7,1905.9,1523224.8416265657,1552502.8949494176
NC,Wake County,020-15,37183020-15,2338.8,1009.6,1522608.0407679589,1558977.3554408874
NC,Wake County,020-16,37183020-16,2100.2,912.8,1523531.3718524354,1556517.6922082952
NC,Wake County,020-17,37183020-17,2148.8,1291.0,1524855.610478348,1554608.6166457694
NC,Wake County,20-06A,3718320-06A,2491.4,1561.6,1528120.8435331306,1544969.1696460694
NC,Wake County,20-06B,3718320-06B,1710.0,1356.9,1526320.3358823971,1546423.6457725486
NC,Warren County,000001,37185000001,353.2,459.1,1591761.8599763592,1642843.3958994504
NC,Warren County,000002,37185000002,279.7,372.8,1583369.5220787975,1643202.3576146895
NC,Warren County,000003,37185000003,448.1,258.8,1575333.8087484948,1642337.4161591232
NC,Warren County,000004,37185000004,383.5,210.5,1568508.6471792518,1641136.0839597632
NC,Warren County,000005,37185000005,669.1,180.8,1564262.493876548,1637551.0802416585
NC,Warren County,000006,37185000006,619.3,238.5,1569232.7610512306,1622277.961641713
NC,Warren County,000007,37185000007,409.7,157.3,1576743.211222111,1620903.749790655
NC,Warren County,000008,37185000008,782.5,100.0,1591019.6124767931,1623725.342538164
NC,Warren County,000009,37185000009,235.9,162.1,1590434.187749836,1633307.4667778553
NC,Warren County,000010,37185000010,1013.4,259.8,1572761.0241344573,1631150.497315141
NC,Warren County,000011,37185000011,164.1,70.4,1585862.9127812977,1617993.081658984
NC,Warren County,000012,37185000012,211.6,437.6,1591114.9417311917,1649653.4021249076
NC,Warren County,000013,37185000013,256.5,181.4,1572094.0429476833,1636297.085661991
NC,Warren County,000014,37185000014,738.1,222.0,1579164.0650966393,1631064.9561249742
NC,Washington County,0000LM,371870000LM,887.7,438.2,1722141.754896693,1598683.0211129142
NC,Washington County,0000P1,371870000P1,628.9,259.9,1713545.5287720717,1600769.5355430136
NC,Washington County,0000P2,371870000P2,522.1,137.0,1709932.8475889168,1595491.3576469398
NC,Washington County,0000P3,371870000P3,860.7,860.2,1713684.863751922,1587250.493138259
NC,Washington County,0000SC,371870000SC,321.1,501.8,1739257.387558607,1597178.3509214628
NC,Washington County,0000SK,371870000SK,280.9,330.3,1733222.0193218656,1604043.6011394386
NC,Watauga County,000001,37189000001,186.3,232.4,1275656.3029752006,1568932.3370955673
NC,Watauga County,000002,37189000002,239.0,551.1,1254917.9457677628,1566662.9894114707
NC,Watauga County,000003,37189000003,986.4,1012.6,1271004.924937756,1550987.6780650981
NC,Watauga County,000004,37189000004,1287.5,1416.9,1278903.360287046,1552933.8946608426
NC,Watauga County,000005,37189000005,950.4,259.2,1270628.2578517268,1559417.9732625403
NC,Watauga County,000006,37189000006,1255.5,507.8,1271401.0710862475,1558563.8816553785
NC,Watauga County,000007,37189000007,1586.4,1150.9,1266237.9457614797,1559405.5188275944
NC,Watauga County,000008,37189000008,641.4,1060.3,1262505.9934122162,1567283.9434266582
NC,Watauga County,000009,37189000009,176.9,254.7,1283759.5495663686,1556921.6615825654
NC,Watauga County,000010,37189000010,326.5,470.3,1256002.4331603746,1559952.6780350786
NC,Watauga County,000011,37189000011,844.7,1100.9,1270706.7616079433,1566607.3591174004
NC,Watauga County,000012,37189000012,1262.8,500.3,1270702.4485687653,1558343.0607707244
NC,Watauga County,000013,37189000013,1365.6,657.5,1270123.05441405,1556063.6833794827
NC,Watauga County,000014,37189000014,1200.6,823.2,1272036.1449807778,1561697.3257104324
NC,Watauga County,000015,37189000015,1627.3,1118.2,1275670.615394355,1559156.4005902624
NC,Watauga County,000016,37189000016,37.7,84.9,1267856.2097361,1574022.0189602324
NC,Watauga County,000017,37189000017,196.2,266.3,1259126.8113306784,1553973.748097024
NC,Watauga County,000018,37189000018,451.5,905.6,1284502.7418576255,1562265.3997084578
NC,Watauga County,000019,37189000019,1096.4,1204.1,1263707.6401718785,1553089.9053893555
NC,Watauga County,000020,37189000020,155.7,203.5,1252984.0244630768,1555570.4011272176
NC,Wayne County,000001,37191000001,541.4,1066.0,1606625.1350822828,1540859.1399154142
NC,Wayne County,000002,37191000002,722.7,1734.9,1617996.376084531,1539773.6762449078
NC,Wayne County,000003,37191000003,550.2,1755.8,1602083.7591655103,1530057.828364563
NC,Wayne County,000004,37191000004,865.5,2264.9,1608066.7365884108,1534346.0428103122
NC,Wayne County,000005,37191000005,795.2,1898.1,1610783.3033292908,1529441.4138431514
NC,Wayne County,000006,37191000006,871.4,1025.5,1617292.2369117269,1528839.7954101835
NC,Wayne County,000007,37191000007,1197.1,1969.7,1623672.0488749014,1529490.498861795
NC,Wayne County,000008,37191000008,504.5,1489.8,1601496.5730418856,1520787.8120878383
NC,Wayne County,000009,37191000009,531.8,1307.2,1606921.1362546254,1523998.865613965
NC,Wayne County,000010,37191000010,878.2,276.7,1611078.2902190993,1525276.7864068118
NC,Wayne County,000011,37191000011,1046.4,699.9,1614064.3054609785,1526139.0432219207
NC,Wayne County,000012,37191000012,1380.6,967.7,1617451.1456838879,1524862.2257383617
NC,Wayne County,000013,37191000013,953.4,465.2,1620160.4828755527,1523118.1828268676
NC,Wayne County,000014,37191000014,723.9,1624.0,1623358.5464557756,1519030.6222604674
NC,Wayne County,000015,37191000015,740.2,1437.0,1625693.0944285917,1510437.874150096
NC,Wayne County,000016,37191000016,659.1,943.9,1606347.1177200521,1514300.1293899454
NC,Wayne County,000017,37191000017,669.6,55.2,1612776.0716650032,1519658.63001414
NC,Wayne County,000018,37191000018,717.1,166.3,1612489.7858110922,1523098.4318456645
NC,Wayne County,000021,37191000021,909.5,364.9,1614570.8226289798,1521885.7227526025
NC,Wayne County,000022,37191000022,690.2,508.2,1616316.7784887208,1522782.7512081936
NC,Wayne County,000023,37191000023,604.1,572.1,1617621.7247450666,1518660.3707789192
NC,Wayne County,000024,37191000024,353.0,1607.0,1596523.8708823333,1507964.890456952
NC,Wayne County,000026,37191000026,918.9,663.7,1609560.4889122923,1509571.6947075936
NC,Wayne County,000027,37191000027,859.7,275.8,1610959.7707447177,1514727.1899575526
NC,Wayne County,000028,37191000028,949.4,1240.7,1616846.7748625309,1508174.53897069
NC,Wayne County,000029,37191000029,861.5,381.6,1613581.1775978757,1523516.6174922816
NC,Wayne County,001920,37191001920,1825.3,161.0,1613412.4960220873,1520891.3046520595
NC,Wayne County,002530,37191002530,1329.5,1133.6,1606311.202636258,1502658.215412829
NC,Wilkes County,000101,37193000101,122.4,396.2,1331064.3381350515,1562967.4400989625
NC,Wilkes County,000102,37193000102,333.0,805.2,1309400.4957374204,1546711.0117777856
NC,Wilkes County,000103,37193000103,81.7,301.5,1325546.0766564577,1550347.6261129135
NC,Wilkes County,000104,37193000104,298.1,859.3,1314554.0543211275,1560237.2102904515
NC,Wilkes County,000105,37193000105,167.0,681.2,1334322.5846891156,1572630.9057403202
NC,Wilkes County,000106,37193000106,169.9,529.8,1329257.052233322,1571904.3710222791
NC,Wilkes County,000107,37193000107,388.0,1609.4,1337657.5301018236,1577377.6417124192
NC,Wilkes County,000108,37193000108,375.4,687.0,1320044.3714840445,1563494.0431249416
NC,Wilkes County,000109,37193000109,151.9,398.4,1297406.1282086307,1548922.6416072007
NC,Wilkes County,000111,37193000111,340.1,1120.1,1312548.3963133926,1560442.8852339485
NC,Wilkes County,000112,37193000112,374.7,1135.1,1316464.2710831536,1550433.3579466492
NC,Wilkes County,000114,37193000114,89.9,391.5,1310555.1491902054,1576532.6785976505
NC,Wilkes County,000117,37193000117,182.7,717.8,1338732.4578943204,1564451.572724767
NC,Wilkes County,000118,37193000118,692.7,780.4,1318993.3809407651,1561103.7668518152
NC,Wilkes County,000119,37193000119,659.3,2278.7,1308663.6266675224,1560550.2704896796
NC,Wilkes County,000120,37193000120,260.0,1071.8,1320608.741003188,1569582.5192943984
NC,Wilkes County,000121,37193000121,276.7,1082.7,1324908.4425947485,1569688.6281564347
NC,Wilkes County,000122,37193000122,63.6,581.7,1338265.1797389907,1555347.5583409404
NC,Wilkes County,000123,37193000123,93.7,499.2,1324569.399503823,1582448.214324948
NC,Wilkes County,000124,37193000124,165.8,751.5,1332377.0708020164,1583180.682938596
NC,Wilkes County,000125,37193000125,112.1,469.7,1302898.7143511341,1573033.9767040133
NC,Wilkes County,000126,37193000126,91.3,490.0,1316789.630721579,1581715.8974375434
NC,Wilkes County,000127,37193000127,668.8,875.9,1317039.3922858795,1557549.6017507485
NC,Wilkes County,000128,37193000128,538.5,1347.1,1327669.805884037,1556910.9894260135
NC,Wilkes County,000129,37193000129,482.4,1026.1,1319755.4727355829,1555608.1383023197
NC,Wilkes County,00113A,3719300113A,404.7,1145.4,1297442.325359618,1559855.541082962
NC,Wilkes County,00115A,3719300115A,535.8,2153.5,1314867.561998422,1568069.6924595227
NC,Wilson County,00PRBL,3719500PRBL,526.1,1358.9,1611876.9055309591,1551466.7124965175
NC,Wilson County,00PRCR,3719500PRCR,545.6,1089.5,1604796.011084066,1551127.6590448301
NC,Wilson County,00PRGA,3719500PRGA,861.5,860.3,1622559.3158505398,1564200.2382021006
NC,Wilson County,00PROL,3719500PROL,894.4,2055.9,1598207.6420280696,1559939.3080717146
NC,Wilson County,00PRSA,3719500PRSA,407.0,349.0,1627456.5649264946,1557505.3863751935
NC,Wilson County,00PRSP,3719500PRSP,466.4,949.5,1597306.0242890045,1550326.4255761937
NC,Wilson County,00PRST,3719500PRST,496.9,429.6,1619581.8276256497,1552634.921001515
NC,Wilson County,00PRTA,3719500PRTA,2239.1,2487.2,1605975.1870500655,1567913.5256257365
NC,Wilson County,00PRTO,3719500PRTO,1282.0,1409.9,1617396.512593031,1572522.973540019
NC,Wilson County,00PRWA,3719500PRWA,510.4,95.5,1611680.1238265447,1562417.456688708
NC,Wilson County,00PRWB,3719500PRWB,652.8,44.2,1611822.7699949401,1560834.058758913
NC,Wilson County,00PRWC,3719500PRWC,1018.0,100.2,1610666.3325368124,1561800.3357008216
NC,Wilson County,00PRWD,3719500PRWD,570.5,767.1,1610247.0334588771,1563300.6184739382
NC,Wilson County,00PRWE,3719500PRWE,713.3,265.6,1612686.655657246,1566109.507495173
NC,Wilson County,00PRWH,3719500PRWH,525.8,20.4,1613361.8471775497,1557744.1324100173
NC,Wilson County,00PRWI,3719500PRWI,895.5,333.7,1610294.8814811388,1558611.5040549666
NC,Wilson County,00PRWJ,3719500PRWJ,1616.2,1080.6,1608282.1623012784,1560950.4966966202
NC,Wilson County,00PRWK,3719500PRWK,526.6,705.2,1609085.3074751832,1563069.6624212952
NC,Wilson County,00PRWL,3719500PRWL,948.2,922.1,1608760.4477692451,1564998.5886174967
NC,Wilson County,00PRWM,3719500PRWM,1726.2,1436.8,1610642.1130139623,1566244.6539376045
NC,Wilson County,00PRWN,3719500PRWN,1536.7,104.7,1615767.5735384177,1560360.5199075858
NC,Wilson County,00PRWP,3719500PRWP,553.1,754.8,1607923.7159961322,1563472.0830021978
NC,Wilson County,00PRWQ,3719500PRWQ,426.5,10.7,1613409.8592030345,1560898.4683465967
NC,Wilson County,00PRWR,3719500PRWR,956.7,96.4,1614661.987646506,1565397.5938440633
NC,Yadkin County,00BNVL,3719700BNVL,534.9,1654.6,1356045.1446836255,1572762.2867273851
NC,Yadkin County,00DCRK,3719700DCRK,301.7,1061.5,1356922.038155501,1559753.7062515253
NC,Yadkin County,00EBND,3719700EBND,372.0,1309.8,1374401.426296654,1575561.970735876
NC,Yadkin County,00FBSH,3719700FBSH,531.0,1849.0,1374668.7816263875,1566686.468869819
NC,Yadkin County,00NBCK,3719700NBCK,189.8,830.6,1347604.4733320335,1560565.7786588436
NC,Yadkin County,00NFAL,3719700NFAL,139.5,658.3,1365658.6994336692,1577904.0060795443
NC,Yadkin County,00NKNB,3719700NKNB,580.7,1504.6,1347376.2382968648,1571143.6185089021
NC,Yadkin County,00NLIB,3719700NLIB,666.3,1909.9,1362643.926505044,1564535.9968977864
NC,Yadkin County,00SBCK,3719700SBCK,137.4,471.8,1349404.3427016,1555263.6850735378
NC,Yadkin County,00SFAL,3719700SFAL,224.7,1037.3,1366117.5775464196,1570652.5019183813
NC,Yadkin County,00SKNB,3719700SKNB,126.5,789.7,1347567.574606227,1566028.8141428018
NC,Yadkin County,00SLIB,3719700SLIB,303.9,1269.1,1368378.1726052354,1558311.1660751156
NC,Yancey County,01-BUR,3719901-BUR,1015.2,1363.3,1221875.78061266,1515301.5099467977
NC,Yancey County,02-CAN,3719902-CAN,344.3,697.5,1209293.9012652931,1517053.1903101061
NC,Yancey County,03-EGY,3719903-EGY,136.7,229.7,1208587.2865362698,1522370.1303415543
NC,Yancey County,04-RAM,3719904-RAM,65.8,159.2,1212019.8958902576,1529012.9072696515
NC,Yancey County,05-GRE,3719905-GRE,119.8,213.4,1221895.2465542231,1526776.6722801519
NC,Yancey County,06-JAC,3719906-JAC,381.2,692.6,1218603.349408668,1522133.6848811388
NC,Yancey County,07-BRU,3719907-BRU,105.3,179.6,1227465.256698453,1525530.852128987
NC,Yancey County,08-CRA,3719908-CRA,623.2,1283.0,1229261.555502563,1517839.8593474322
NC,Yancey County,09-SOU,3719909-SOU,669.8,765.2,1230921.1778293564,1505426.8770381613
NC,Yancey County,10-PEN,3719910-PEN,130.9,277.3,1222784.4144205092,1505232.1424598133
NC,Yancey County,11-PRI,3719911-PRI,255.5,647.7,1214656.9215454783,1511167.0815130996
